episode,env_steps,dt_sec,loss,ep_return,ep_length,eval_det_mean,eval_det_std,eval_sto_mean,eval_sto_std,best_eval_det
0,17,0.05605292320251465,-0.1248403787612915,17.0,17,93.1,25.14338879308038,25.95,10.772534520715169,93.1
1,30,0.015426397323608398,-0.3946511149406433,13.0,13,nan,nan,nan,nan,93.1
2,49,0.02069997787475586,0.43801629543304443,19.0,19,nan,nan,nan,nan,93.1
3,64,0.017008304595947266,0.32378020882606506,15.0,15,nan,nan,nan,nan,93.1
4,88,0.028076648712158203,0.28343427181243896,24.0,24,nan,nan,nan,nan,93.1
5,106,0.018157005310058594,-0.023612380027770996,18.0,18,nan,nan,nan,nan,93.1
6,116,0.011114358901977539,0.5905896425247192,10.0,10,nan,nan,nan,nan,93.1
7,173,0.050611257553100586,0.1306147575378418,57.0,57,nan,nan,nan,nan,93.1
8,219,0.05019545555114746,0.16404742002487183,46.0,46,nan,nan,nan,nan,93.1
9,233,0.01830768585205078,-0.05675150081515312,14.0,14,nan,nan,nan,nan,93.1
10,243,0.01020503044128418,0.027735471725463867,10.0,10,nan,nan,nan,nan,93.1
11,255,0.014516830444335938,-0.004413127899169922,12.0,12,nan,nan,nan,nan,93.1
12,270,0.017862558364868164,-1.0424033403396606,15.0,15,nan,nan,nan,nan,93.1
13,285,0.01747584342956543,-0.19985660910606384,15.0,15,nan,nan,nan,nan,93.1
14,349,0.05841231346130371,-0.6854614019393921,64.0,64,nan,nan,nan,nan,93.1
15,366,0.01626729965209961,-0.1978543996810913,17.0,17,nan,nan,nan,nan,93.1
16,381,0.017363786697387695,0.9640629291534424,15.0,15,nan,nan,nan,nan,93.1
17,434,0.055841922760009766,-1.5792162418365479,53.0,53,nan,nan,nan,nan,93.1
18,445,0.014402627944946289,0.25254327058792114,11.0,11,nan,nan,nan,nan,93.1
19,471,0.02244424819946289,-0.8687884211540222,26.0,26,nan,nan,nan,nan,93.1
20,485,0.012737512588500977,1.008286476135254,14.0,14,nan,nan,nan,nan,93.1
21,506,0.02027750015258789,0.22448578476905823,21.0,21,nan,nan,nan,nan,93.1
22,560,0.055861711502075195,-0.5246264934539795,54.0,54,nan,nan,nan,nan,93.1
23,574,0.013558149337768555,-0.2336769551038742,14.0,14,nan,nan,nan,nan,93.1
24,590,0.01416921615600586,0.11026519536972046,16.0,16,nan,nan,nan,nan,93.1
25,606,0.01686835289001465,0.1506025195121765,16.0,16,54.0,17.334935823359714,33.5,27.719126970379136,93.1
26,623,0.017759084701538086,-0.23605692386627197,17.0,17,nan,nan,nan,nan,93.1
27,663,0.03477311134338379,-0.8736597299575806,40.0,40,nan,nan,nan,nan,93.1
28,679,0.02023029327392578,1.1384148597717285,16.0,16,nan,nan,nan,nan,93.1
29,701,0.023171663284301758,-0.33009275794029236,22.0,22,nan,nan,nan,nan,93.1
30,754,0.0543060302734375,-0.08499014377593994,53.0,53,nan,nan,nan,nan,93.1
31,827,0.07255053520202637,-0.04139363765716553,73.0,73,nan,nan,nan,nan,93.1
32,860,0.036112308502197266,-0.26167893409729004,33.0,33,nan,nan,nan,nan,93.1
33,949,0.2041308879852295,0.2470463514328003,89.0,89,nan,nan,nan,nan,93.1
34,992,0.0746150016784668,-0.4118317663669586,43.0,43,nan,nan,nan,nan,93.1
35,1047,0.08423447608947754,-0.08076527714729309,55.0,55,nan,nan,nan,nan,93.1
36,1081,0.054145097732543945,0.12103688716888428,34.0,34,nan,nan,nan,nan,93.1
37,1132,0.07685661315917969,0.3540158271789551,51.0,51,nan,nan,nan,nan,93.1
38,1143,0.021036386489868164,1.8282357454299927,11.0,11,nan,nan,nan,nan,93.1
39,1179,0.058499813079833984,0.6823019981384277,36.0,36,nan,nan,nan,nan,93.1
40,1206,0.03048872947692871,-1.1547621488571167,27.0,27,nan,nan,nan,nan,93.1
41,1222,0.018372535705566406,0.7235551476478577,16.0,16,nan,nan,nan,nan,93.1
42,1243,0.026354312896728516,0.3807780146598816,21.0,21,nan,nan,nan,nan,93.1
43,1280,0.03338313102722168,-1.3832144737243652,37.0,37,nan,nan,nan,nan,93.1
44,1335,0.06076955795288086,-0.5924143195152283,55.0,55,nan,nan,nan,nan,93.1
45,1357,0.025625944137573242,-0.851168155670166,22.0,22,nan,nan,nan,nan,93.1
46,1371,0.015034198760986328,0.14377591013908386,14.0,14,nan,nan,nan,nan,93.1
47,1395,0.02271556854248047,-0.7215754985809326,24.0,24,nan,nan,nan,nan,93.1
48,1471,0.07689380645751953,0.3857562839984894,76.0,76,nan,nan,nan,nan,93.1
49,1482,0.0138702392578125,-0.6964035630226135,11.0,11,nan,nan,nan,nan,93.1
50,1518,0.05392956733703613,-1.081405758857727,36.0,36,97.65,65.46470423060047,39.8,30.24499958670855,97.65
51,1554,0.034723520278930664,0.003111511468887329,36.0,36,nan,nan,nan,nan,97.65
52,1568,0.014873266220092773,-0.278732031583786,14.0,14,nan,nan,nan,nan,97.65
53,1589,0.0215914249420166,-0.5286823511123657,21.0,21,nan,nan,nan,nan,97.65
54,1662,0.07176685333251953,-1.0226552486419678,73.0,73,nan,nan,nan,nan,97.65
55,1690,0.03943920135498047,0.2594227194786072,28.0,28,nan,nan,nan,nan,97.65
56,1721,0.0400691032409668,0.17393821477890015,31.0,31,nan,nan,nan,nan,97.65
57,1743,0.03271603584289551,0.12393584847450256,22.0,22,nan,nan,nan,nan,97.65
58,1763,0.03387784957885742,0.5997424721717834,20.0,20,nan,nan,nan,nan,97.65
59,1781,0.021831274032592773,0.03492876887321472,18.0,18,nan,nan,nan,nan,97.65
60,1807,0.036356449127197266,-1.727707862854004,26.0,26,nan,nan,nan,nan,97.65
61,1851,0.05802035331726074,0.48362264037132263,44.0,44,nan,nan,nan,nan,97.65
62,1893,0.0488581657409668,0.25134098529815674,42.0,42,nan,nan,nan,nan,97.65
63,1902,0.010407447814941406,-0.06668710708618164,9.0,9,nan,nan,nan,nan,97.65
64,1915,0.014832735061645508,-0.8482604026794434,13.0,13,nan,nan,nan,nan,97.65
65,1971,0.05792498588562012,-0.9310891628265381,56.0,56,nan,nan,nan,nan,97.65
66,2014,0.04812932014465332,-3.127514362335205,43.0,43,nan,nan,nan,nan,97.65
67,2107,0.0949089527130127,-0.46611496806144714,93.0,93,nan,nan,nan,nan,97.65
68,2164,0.053406476974487305,0.4418003559112549,57.0,57,nan,nan,nan,nan,97.65
69,2268,0.09847378730773926,-1.2814490795135498,104.0,104,nan,nan,nan,nan,97.65
70,2302,0.03797602653503418,0.8468027114868164,34.0,34,nan,nan,nan,nan,97.65
71,2321,0.01868891716003418,0.32507628202438354,19.0,19,nan,nan,nan,nan,97.65
72,2352,0.029879093170166016,0.3082904517650604,31.0,31,nan,nan,nan,nan,97.65
73,2405,0.04689955711364746,-2.325375556945801,53.0,53,nan,nan,nan,nan,97.65
74,2423,0.017188310623168945,-2.097090244293213,18.0,18,nan,nan,nan,nan,97.65
75,2480,0.054329872131347656,0.1547119915485382,57.0,57,82.35,20.305848911089633,34.45,15.252786630645561,97.65
76,2496,0.01905679702758789,-1.4106589555740356,16.0,16,nan,nan,nan,nan,97.65
77,2507,0.011519670486450195,1.724902868270874,11.0,11,nan,nan,nan,nan,97.65
78,2575,0.08482599258422852,0.08823806047439575,68.0,68,nan,nan,nan,nan,97.65
79,2589,0.014496326446533203,1.3437871932983398,14.0,14,nan,nan,nan,nan,97.65
80,2643,0.048264503479003906,0.0426827073097229,54.0,54,nan,nan,nan,nan,97.65
81,2677,0.033498525619506836,-1.2121210098266602,34.0,34,nan,nan,nan,nan,97.65
82,2747,0.07013869285583496,-0.8918409943580627,70.0,70,nan,nan,nan,nan,97.65
83,2891,0.13335800170898438,-2.913858413696289,144.0,144,nan,nan,nan,nan,97.65
84,2952,0.06069636344909668,-5.974211692810059,61.0,61,nan,nan,nan,nan,97.65
85,3020,0.06738734245300293,-0.905444860458374,68.0,68,nan,nan,nan,nan,97.65
86,3047,0.027970075607299805,-2.66664719581604,27.0,27,nan,nan,nan,nan,97.65
87,3096,0.044950246810913086,0.5139951705932617,49.0,49,nan,nan,nan,nan,97.65
88,3129,0.03306698799133301,-0.9110937118530273,33.0,33,nan,nan,nan,nan,97.65
89,3193,0.06168937683105469,-2.498873233795166,64.0,64,nan,nan,nan,nan,97.65
90,3216,0.024573802947998047,-2.1105222702026367,23.0,23,nan,nan,nan,nan,97.65
91,3235,0.020377635955810547,0.12101888656616211,19.0,19,nan,nan,nan,nan,97.65
92,3275,0.038098812103271484,-0.8530462980270386,40.0,40,nan,nan,nan,nan,97.65
93,3299,0.026209115982055664,1.0442428588867188,24.0,24,nan,nan,nan,nan,97.65
94,3321,0.021795988082885742,0.029614239931106567,22.0,22,nan,nan,nan,nan,97.65
95,3348,0.030143260955810547,1.2567501068115234,27.0,27,nan,nan,nan,nan,97.65
96,3496,0.13253283500671387,-1.8015308380126953,148.0,148,nan,nan,nan,nan,97.65
97,3530,0.034793853759765625,-1.0758541822433472,34.0,34,nan,nan,nan,nan,97.65
98,3565,0.0337526798248291,1.2177098989486694,35.0,35,nan,nan,nan,nan,97.65
99,3583,0.0184478759765625,-2.092568874359131,18.0,18,nan,nan,nan,nan,97.65
100,3716,0.15134406089782715,-5.493677139282227,133.0,133,305.65,184.82404470198136,41.6,27.072864643402625,305.65
101,3742,0.03282785415649414,0.7250671982765198,26.0,26,nan,nan,nan,nan,305.65
102,3787,0.05215787887573242,0.37010398507118225,45.0,45,nan,nan,nan,nan,305.65
103,3837,0.05536532402038574,-0.6470179557800293,50.0,50,nan,nan,nan,nan,305.65
104,3910,0.06774163246154785,-0.6601175665855408,73.0,73,nan,nan,nan,nan,305.65
105,3938,0.030127286911010742,0.3606545031070709,28.0,28,nan,nan,nan,nan,305.65
106,4044,0.1041560173034668,-1.7610352039337158,106.0,106,nan,nan,nan,nan,305.65
107,4055,0.013556957244873047,2.7792816162109375,11.0,11,nan,nan,nan,nan,305.65
108,4089,0.033304452896118164,-0.04007810354232788,34.0,34,nan,nan,nan,nan,305.65
109,4157,0.12114953994750977,0.4221627116203308,68.0,68,nan,nan,nan,nan,305.65
110,4177,0.023717164993286133,1.3964124917984009,20.0,20,nan,nan,nan,nan,305.65
111,4206,0.05429363250732422,-2.3660738468170166,29.0,29,nan,nan,nan,nan,305.65
112,4253,0.08430719375610352,0.505059003829956,47.0,47,nan,nan,nan,nan,305.65
113,4316,0.09536385536193848,1.9365746974945068,63.0,63,nan,nan,nan,nan,305.65
114,4455,0.14067602157592773,0.15203768014907837,139.0,139,nan,nan,nan,nan,305.65
115,4567,0.12242364883422852,2.2927544116973877,112.0,112,nan,nan,nan,nan,305.65
116,4622,0.06427621841430664,-1.1545377969741821,55.0,55,nan,nan,nan,nan,305.65
117,4648,0.027371644973754883,-0.7223351001739502,26.0,26,nan,nan,nan,nan,305.65
118,4680,0.03186821937561035,1.4341247081756592,32.0,32,nan,nan,nan,nan,305.65
119,4725,0.05019044876098633,-0.023973554372787476,45.0,45,nan,nan,nan,nan,305.65
120,4817,0.09848809242248535,-3.0532138347625732,92.0,92,nan,nan,nan,nan,305.65
121,4866,0.06733918190002441,0.5173799991607666,49.0,49,nan,nan,nan,nan,305.65
122,4918,0.0691068172454834,-0.3545455038547516,52.0,52,nan,nan,nan,nan,305.65
123,4936,0.01756000518798828,0.8599377870559692,18.0,18,nan,nan,nan,nan,305.65
124,5057,0.10265088081359863,-8.01953411102295,121.0,121,nan,nan,nan,nan,305.65
125,5100,0.04259681701660156,0.4185583293437958,43.0,43,80.95,26.73476201502456,56.6,32.265151479576225,305.65
126,5153,0.048650264739990234,0.7835895419120789,53.0,53,nan,nan,nan,nan,305.65
127,5189,0.05376148223876953,-3.2281970977783203,36.0,36,nan,nan,nan,nan,305.65
128,5211,0.031125783920288086,2.3599014282226562,22.0,22,nan,nan,nan,nan,305.65
129,5231,0.02318286895751953,1.9839401245117188,20.0,20,nan,nan,nan,nan,305.65
130,5283,0.051245689392089844,0.8299895524978638,52.0,52,nan,nan,nan,nan,305.65
131,5336,0.054018497467041016,0.09269344806671143,53.0,53,nan,nan,nan,nan,305.65
132,5404,0.13568878173828125,-1.2868754863739014,68.0,68,nan,nan,nan,nan,305.65
133,5573,0.2446582317352295,-4.088478088378906,169.0,169,nan,nan,nan,nan,305.65
134,5606,0.05237460136413574,-1.2016316652297974,33.0,33,nan,nan,nan,nan,305.65
135,5721,0.16333270072937012,0.297518253326416,115.0,115,nan,nan,nan,nan,305.65
136,5803,0.11879587173461914,-2.0490546226501465,82.0,82,nan,nan,nan,nan,305.65
137,5886,0.11832141876220703,-0.09256219863891602,83.0,83,nan,nan,nan,nan,305.65
138,5908,0.03536677360534668,-0.1132548451423645,22.0,22,nan,nan,nan,nan,305.65
139,6006,0.167649507522583,0.3675985336303711,98.0,98,nan,nan,nan,nan,305.65
140,6073,0.07911252975463867,1.2102383375167847,67.0,67,nan,nan,nan,nan,305.65
141,6106,0.04623007774353027,0.17473983764648438,33.0,33,nan,nan,nan,nan,305.65
142,6152,0.04725766181945801,-0.2765260934829712,46.0,46,nan,nan,nan,nan,305.65
143,6173,0.024462461471557617,0.9219796657562256,21.0,21,nan,nan,nan,nan,305.65
144,6191,0.018974781036376953,0.3769350051879883,18.0,18,nan,nan,nan,nan,305.65
145,6303,0.10501646995544434,-3.5385284423828125,112.0,112,nan,nan,nan,nan,305.65
146,6345,0.04476141929626465,0.12104976177215576,42.0,42,nan,nan,nan,nan,305.65
147,6386,0.04166221618652344,0.5562288761138916,41.0,41,nan,nan,nan,nan,305.65
148,6444,0.056147098541259766,-0.5334076881408691,58.0,58,nan,nan,nan,nan,305.65
149,6544,0.1040031909942627,-0.22511720657348633,100.0,100,nan,nan,nan,nan,305.65
150,6580,0.03762173652648926,1.0287871360778809,36.0,36,243.55,169.90687890724143,77.45,40.36765413050404,305.65
151,6652,0.06808686256408691,0.5056021213531494,72.0,72,nan,nan,nan,nan,305.65
152,6731,0.07277846336364746,-0.4771730303764343,79.0,79,nan,nan,nan,nan,305.65
153,6751,0.020596981048583984,-2.305044651031494,20.0,20,nan,nan,nan,nan,305.65
154,6828,0.06417393684387207,0.38523826003074646,77.0,77,nan,nan,nan,nan,305.65
155,6886,0.05276370048522949,0.6394350528717041,58.0,58,nan,nan,nan,nan,305.65
156,6935,0.045357465744018555,-2.1288013458251953,49.0,49,nan,nan,nan,nan,305.65
157,7034,0.0910496711730957,-2.3449738025665283,99.0,99,nan,nan,nan,nan,305.65
158,7125,0.08612346649169922,-0.07024157047271729,91.0,91,nan,nan,nan,nan,305.65
159,7154,0.029761552810668945,-2.1696372032165527,29.0,29,nan,nan,nan,nan,305.65
160,7180,0.026362180709838867,-3.7612102031707764,26.0,26,nan,nan,nan,nan,305.65
161,7217,0.03819584846496582,-1.737838864326477,37.0,37,nan,nan,nan,nan,305.65
162,7263,0.04107952117919922,-2.8531017303466797,46.0,46,nan,nan,nan,nan,305.65
163,7390,0.11802029609680176,-1.4119501113891602,127.0,127,nan,nan,nan,nan,305.65
164,7420,0.03107619285583496,0.48282110691070557,30.0,30,nan,nan,nan,nan,305.65
165,7517,0.08088374137878418,2.5280303955078125,97.0,97,nan,nan,nan,nan,305.65
166,7582,0.10786294937133789,-0.28385019302368164,65.0,65,nan,nan,nan,nan,305.65
167,7688,0.18703746795654297,1.6691937446594238,106.0,106,nan,nan,nan,nan,305.65
168,7716,0.0404052734375,-3.478226661682129,28.0,28,nan,nan,nan,nan,305.65
169,7811,0.12185025215148926,-2.644963502883911,95.0,95,nan,nan,nan,nan,305.65
170,7843,0.04590487480163574,-0.02869248390197754,32.0,32,nan,nan,nan,nan,305.65
171,7968,0.18399333953857422,0.6867465376853943,125.0,125,nan,nan,nan,nan,305.65
172,8074,0.16516709327697754,0.1989576816558838,106.0,106,nan,nan,nan,nan,305.65
173,8137,0.09397435188293457,-0.9019097685813904,63.0,63,nan,nan,nan,nan,305.65
174,8179,0.06214761734008789,0.7542216777801514,42.0,42,nan,nan,nan,nan,305.65
175,8276,0.1351609230041504,0.25630712509155273,97.0,97,374.5,172.010900817361,92.3,46.771893269355694,374.5
176,8504,0.2199854850769043,-1.8110634088516235,228.0,228,nan,nan,nan,nan,374.5
177,8534,0.033444881439208984,-0.7986174821853638,30.0,30,nan,nan,nan,nan,374.5
178,8684,0.2873039245605469,-0.08240914344787598,150.0,150,nan,nan,nan,nan,374.5
179,8766,0.08973193168640137,1.7641617059707642,82.0,82,nan,nan,nan,nan,374.5
180,8787,0.019989490509033203,-2.505906105041504,21.0,21,nan,nan,nan,nan,374.5
181,8827,0.03352022171020508,0.5494673252105713,40.0,40,nan,nan,nan,nan,374.5
182,8943,0.10364341735839844,1.7326595783233643,116.0,116,nan,nan,nan,nan,374.5
183,9066,0.1168217658996582,0.5044790506362915,123.0,123,nan,nan,nan,nan,374.5
184,9116,0.0464322566986084,-1.1525055170059204,50.0,50,nan,nan,nan,nan,374.5
185,9242,0.11425948143005371,0.6766030788421631,126.0,126,nan,nan,nan,nan,374.5
186,9337,0.1024637222290039,-2.0409817695617676,95.0,95,nan,nan,nan,nan,374.5
187,9466,0.1769118309020996,-0.8541646003723145,129.0,129,nan,nan,nan,nan,374.5
188,9490,0.03842353820800781,1.4457658529281616,24.0,24,nan,nan,nan,nan,374.5
189,9538,0.07838702201843262,-1.0765891075134277,48.0,48,nan,nan,nan,nan,374.5
190,9623,0.0976715087890625,-2.183755397796631,85.0,85,nan,nan,nan,nan,374.5
191,9709,0.0801236629486084,-4.456617832183838,86.0,86,nan,nan,nan,nan,374.5
192,9762,0.05448555946350098,0.0741376280784607,53.0,53,nan,nan,nan,nan,374.5
193,9805,0.05162382125854492,1.7698822021484375,43.0,43,nan,nan,nan,nan,374.5
194,9853,0.047185659408569336,0.0737389326095581,48.0,48,nan,nan,nan,nan,374.5
195,10008,0.1352531909942627,-8.952829360961914,155.0,155,nan,nan,nan,nan,374.5
196,10168,0.14198684692382812,-3.7300071716308594,160.0,160,nan,nan,nan,nan,374.5
197,10278,0.10331916809082031,0.8605259656906128,110.0,110,nan,nan,nan,nan,374.5
198,10450,0.15907073020935059,-0.3392796516418457,172.0,172,nan,nan,nan,nan,374.5
199,10531,0.07529139518737793,-2.8875322341918945,81.0,81,nan,nan,nan,nan,374.5
200,10665,0.11347150802612305,-3.143885612487793,134.0,134,360.0,140.71176212385373,85.7,42.08218150238887,374.5
201,10760,0.08996248245239258,-0.15170323848724365,95.0,95,nan,nan,nan,nan,374.5
202,10855,0.0904378890991211,-5.723875045776367,95.0,95,nan,nan,nan,nan,374.5
203,10906,0.05570268630981445,-2.861046075820923,51.0,51,nan,nan,nan,nan,374.5
204,10938,0.0358889102935791,-1.4208587408065796,32.0,32,nan,nan,nan,nan,374.5
205,11052,0.10734343528747559,-1.6346392631530762,114.0,114,nan,nan,nan,nan,374.5
206,11172,0.12145590782165527,0.8590810894966125,120.0,120,nan,nan,nan,nan,374.5
207,11273,0.11089038848876953,-2.0151944160461426,101.0,101,nan,nan,nan,nan,374.5
208,11294,0.02254199981689453,0.2426539659500122,21.0,21,nan,nan,nan,nan,374.5
209,11423,0.12177276611328125,-1.7371063232421875,129.0,129,nan,nan,nan,nan,374.5
210,11520,0.09023857116699219,-2.001729965209961,97.0,97,nan,nan,nan,nan,374.5
211,11607,0.08295083045959473,-0.2738504409790039,87.0,87,nan,nan,nan,nan,374.5
212,11719,0.10806035995483398,2.21433162689209,112.0,112,nan,nan,nan,nan,374.5
213,11758,0.03874850273132324,1.139611005783081,39.0,39,nan,nan,nan,nan,374.5
214,11826,0.06807470321655273,-4.012137413024902,68.0,68,nan,nan,nan,nan,374.5
215,11882,0.04958057403564453,-0.36881840229034424,56.0,56,nan,nan,nan,nan,374.5
216,12045,0.1504378318786621,-0.2921053171157837,163.0,163,nan,nan,nan,nan,374.5
217,12201,0.1603386402130127,-3.9706883430480957,156.0,156,nan,nan,nan,nan,374.5
218,12269,0.0707998275756836,-1.914551854133606,68.0,68,nan,nan,nan,nan,374.5
219,12429,0.15572309494018555,-0.9201022982597351,160.0,160,nan,nan,nan,nan,374.5
220,12502,0.07514333724975586,-1.2803218364715576,73.0,73,nan,nan,nan,nan,374.5
221,12645,0.1327517032623291,2.7436888217926025,143.0,143,nan,nan,nan,nan,374.5
222,12715,0.06464195251464844,-1.4225600957870483,70.0,70,nan,nan,nan,nan,374.5
223,12792,0.06980395317077637,-3.454629898071289,77.0,77,nan,nan,nan,nan,374.5
224,12905,0.10277128219604492,-4.335480690002441,113.0,113,nan,nan,nan,nan,374.5
225,13047,0.12129807472229004,0.11611014604568481,142.0,142,454.0,76.73004626611403,160.1,77.93131591343752,454.0
226,13115,0.0688166618347168,-0.6922895908355713,68.0,68,nan,nan,nan,nan,454.0
227,13202,0.08077263832092285,-5.237564563751221,87.0,87,nan,nan,nan,nan,454.0
228,13316,0.1191551685333252,-3.426348924636841,114.0,114,nan,nan,nan,nan,454.0
229,13422,0.10899066925048828,-8.014145851135254,106.0,106,nan,nan,nan,nan,454.0
230,13587,0.15613365173339844,1.2190403938293457,165.0,165,nan,nan,nan,nan,454.0
231,13710,0.13413286209106445,-0.5163040161132812,123.0,123,nan,nan,nan,nan,454.0
232,13936,0.2186133861541748,-5.210224151611328,226.0,226,nan,nan,nan,nan,454.0
233,14078,0.1365654468536377,-2.1920695304870605,142.0,142,nan,nan,nan,nan,454.0
234,14263,0.17296695709228516,-6.564600467681885,185.0,185,nan,nan,nan,nan,454.0
235,14360,0.09781861305236816,-1.3289709091186523,97.0,97,nan,nan,nan,nan,454.0
236,14409,0.04983806610107422,1.059056043624878,49.0,49,nan,nan,nan,nan,454.0
237,14828,0.3967413902282715,-4.086406707763672,419.0,419,nan,nan,nan,nan,454.0
238,14948,0.25317931175231934,0.3534257411956787,120.0,120,nan,nan,nan,nan,454.0
239,15083,0.19405508041381836,0.047937363386154175,135.0,135,nan,nan,nan,nan,454.0
240,15241,0.21833586692810059,-1.9611015319824219,158.0,158,nan,nan,nan,nan,454.0
241,15470,0.309859037399292,-1.9065760374069214,229.0,229,nan,nan,nan,nan,454.0
242,15604,0.20499181747436523,0.6924409866333008,134.0,134,nan,nan,nan,nan,454.0
243,15724,0.17867779731750488,5.295278549194336,120.0,120,nan,nan,nan,nan,454.0
244,15872,0.21387577056884766,-0.5701495409011841,148.0,148,nan,nan,nan,nan,454.0
245,16078,0.318950891494751,-6.8777055740356445,206.0,206,nan,nan,nan,nan,454.0
246,16147,0.09775876998901367,0.9115536212921143,69.0,69,nan,nan,nan,nan,454.0
247,16623,0.49251675605773926,-2.688736915588379,476.0,476,nan,nan,nan,nan,454.0
248,16730,0.11812806129455566,-2.2936720848083496,107.0,107,nan,nan,nan,nan,454.0
249,16809,0.08836984634399414,-3.8938307762145996,79.0,79,nan,nan,nan,nan,454.0
250,16975,0.16977405548095703,3.0580554008483887,166.0,166,452.85,84.83765378651157,164.7,75.00606642132354,454.0
251,17272,0.44111204147338867,-2.389791250228882,297.0,297,nan,nan,nan,nan,454.0
252,17629,0.5103034973144531,3.2293801307678223,357.0,357,nan,nan,nan,nan,454.0
253,17779,0.23461103439331055,-1.0792607069015503,150.0,150,nan,nan,nan,nan,454.0
254,17905,0.18910670280456543,-1.9332337379455566,126.0,126,nan,nan,nan,nan,454.0
255,18184,0.41646552085876465,0.5734513998031616,279.0,279,nan,nan,nan,nan,454.0
256,18361,0.2634890079498291,3.1495790481567383,177.0,177,nan,nan,nan,nan,454.0
257,18436,0.10895824432373047,-2.1466495990753174,75.0,75,nan,nan,nan,nan,454.0
258,18588,0.20457696914672852,-3.0323612689971924,152.0,152,nan,nan,nan,nan,454.0
259,18684,0.13736200332641602,-5.554903030395508,96.0,96,nan,nan,nan,nan,454.0
260,18820,0.18247151374816895,0.04233050346374512,136.0,136,nan,nan,nan,nan,454.0
261,19053,0.23645877838134766,-1.377265214920044,233.0,233,nan,nan,nan,nan,454.0
262,19155,0.10161590576171875,-1.921525001525879,102.0,102,nan,nan,nan,nan,454.0
263,19311,0.1468818187713623,-2.4319114685058594,156.0,156,nan,nan,nan,nan,454.0
264,19456,0.14883160591125488,-2.6428117752075195,145.0,145,nan,nan,nan,nan,454.0
265,19582,0.1152644157409668,-5.675703048706055,126.0,126,nan,nan,nan,nan,454.0
266,19915,0.28214049339294434,0.1642913818359375,333.0,333,nan,nan,nan,nan,454.0
267,19961,0.04118990898132324,-0.930445671081543,46.0,46,nan,nan,nan,nan,454.0
268,20260,0.24142694473266602,-1.5786402225494385,299.0,299,nan,nan,nan,nan,454.0
269,20374,0.09800863265991211,-6.166701316833496,114.0,114,nan,nan,nan,nan,454.0
270,20580,0.17123675346374512,-0.20746541023254395,206.0,206,nan,nan,nan,nan,454.0
271,20885,0.30441761016845703,-6.803147315979004,305.0,305,nan,nan,nan,nan,454.0
272,21011,0.13223505020141602,-4.690891742706299,126.0,126,nan,nan,nan,nan,454.0
273,21234,0.2202160358428955,0.9010674953460693,223.0,223,nan,nan,nan,nan,454.0
274,21433,0.1730637550354004,1.1595605611801147,199.0,199,nan,nan,nan,nan,454.0
275,21624,0.17564749717712402,-3.731053590774536,191.0,191,480.7,42.59823940023813,193.8,83.89135831538312,480.7
276,21646,0.024233102798461914,0.8305816054344177,22.0,22,nan,nan,nan,nan,480.7
277,21712,0.058914899826049805,-1.7577784061431885,66.0,66,nan,nan,nan,nan,480.7
278,21845,0.13757801055908203,-3.691049575805664,133.0,133,nan,nan,nan,nan,480.7
279,21968,0.12147164344787598,2.852330207824707,123.0,123,nan,nan,nan,nan,480.7
280,22434,0.46193933486938477,-8.689621925354004,466.0,466,nan,nan,nan,nan,480.7
281,22933,0.5986559391021729,-2.0812830924987793,499.0,499,nan,nan,nan,nan,480.7
282,23078,0.16812610626220703,-2.617488145828247,145.0,145,nan,nan,nan,nan,480.7
283,23238,0.15680718421936035,-4.001960754394531,160.0,160,nan,nan,nan,nan,480.7
284,23387,0.14190459251403809,0.5217239260673523,149.0,149,nan,nan,nan,nan,480.7
285,23529,0.19969797134399414,2.8326289653778076,142.0,142,nan,nan,nan,nan,480.7
286,23659,0.17046904563903809,-0.0005986690521240234,130.0,130,nan,nan,nan,nan,480.7
287,23971,0.2896852493286133,-2.704061985015869,312.0,312,nan,nan,nan,nan,480.7
288,24056,0.08449196815490723,-2.282191276550293,85.0,85,nan,nan,nan,nan,480.7
289,24190,0.16539907455444336,-1.6984189748764038,134.0,134,nan,nan,nan,nan,480.7
290,24391,0.24644088745117188,-14.961687088012695,201.0,201,nan,nan,nan,nan,480.7
291,24512,0.18526005744934082,1.0001094341278076,121.0,121,nan,nan,nan,nan,480.7
292,24719,0.3131406307220459,-3.2211947441101074,207.0,207,nan,nan,nan,nan,480.7
293,24951,0.3126511573791504,-3.667369842529297,232.0,232,nan,nan,nan,nan,480.7
294,25021,0.06830239295959473,-4.901715278625488,70.0,70,nan,nan,nan,nan,480.7
295,25156,0.1684253215789795,-1.1421527862548828,135.0,135,nan,nan,nan,nan,480.7
296,25313,0.1605525016784668,-2.950559616088867,157.0,157,nan,nan,nan,nan,480.7
297,25371,0.06201004981994629,-3.3913979530334473,58.0,58,nan,nan,nan,nan,480.7
298,25613,0.20539093017578125,-0.944833517074585,242.0,242,nan,nan,nan,nan,480.7
299,25948,0.48208045959472656,0.5543076992034912,335.0,335,nan,nan,nan,nan,480.7
300,26362,0.4740571975708008,-7.959955215454102,414.0,414,424.6,94.36545978269804,212.8,93.4283682828722,480.7
301,26489,0.13148260116577148,2.7686197757720947,127.0,127,nan,nan,nan,nan,480.7
302,26694,0.1984860897064209,-1.0928702354431152,205.0,205,nan,nan,nan,nan,480.7
303,26867,0.16302061080932617,-0.9056846499443054,173.0,173,nan,nan,nan,nan,480.7
304,27367,0.5889337062835693,7.85400390625,500.0,500,nan,nan,nan,nan,480.7
305,27725,0.423084020614624,2.9649319648742676,358.0,358,nan,nan,nan,nan,480.7
306,27949,0.32216405868530273,-11.701366424560547,224.0,224,nan,nan,nan,nan,480.7
307,28142,0.2984137535095215,-4.981573104858398,193.0,193,nan,nan,nan,nan,480.7
308,28382,0.27396106719970703,-7.895997047424316,240.0,240,nan,nan,nan,nan,480.7
309,28629,0.24762964248657227,-4.282890319824219,247.0,247,nan,nan,nan,nan,480.7
310,28903,0.2619149684906006,3.0335135459899902,274.0,274,nan,nan,nan,nan,480.7
311,29320,0.4046351909637451,1.9805622100830078,417.0,417,nan,nan,nan,nan,480.7
312,29562,0.24103045463562012,-3.5482168197631836,242.0,242,nan,nan,nan,nan,480.7
313,29640,0.0849161148071289,-7.541426181793213,78.0,78,nan,nan,nan,nan,480.7
314,29780,0.1351776123046875,-2.8889026641845703,140.0,140,nan,nan,nan,nan,480.7
315,30085,0.3260617256164551,-5.808807373046875,305.0,305,nan,nan,nan,nan,480.7
316,30513,0.4084165096282959,-5.036898612976074,428.0,428,nan,nan,nan,nan,480.7
317,30785,0.2655611038208008,-3.902120590209961,272.0,272,nan,nan,nan,nan,480.7
318,31049,0.24622392654418945,-4.172332763671875,264.0,264,nan,nan,nan,nan,480.7
319,31316,0.24870586395263672,-2.10811710357666,267.0,267,nan,nan,nan,nan,480.7
320,31498,0.17859959602355957,-3.9273719787597656,182.0,182,nan,nan,nan,nan,480.7
321,31752,0.23183917999267578,-1.9184296131134033,254.0,254,nan,nan,nan,nan,480.7
322,32004,0.2314741611480713,2.7457447052001953,252.0,252,nan,nan,nan,nan,480.7
323,32159,0.151932954788208,-0.32532626390457153,155.0,155,nan,nan,nan,nan,480.7
324,32481,0.29357075691223145,5.172632694244385,322.0,322,nan,nan,nan,nan,480.7
325,32615,0.12920618057250977,-1.1540189981460571,134.0,134,497.6,10.461357464497615,268.4,123.89285693695179,497.6
326,32918,0.2791733741760254,0.1260787844657898,303.0,303,nan,nan,nan,nan,497.6
327,33070,0.16067242622375488,-1.3540213108062744,152.0,152,nan,nan,nan,nan,497.6
328,33558,0.44792747497558594,-7.693826675415039,488.0,488,nan,nan,nan,nan,497.6
329,33628,0.07118988037109375,-4.15080451965332,70.0,70,nan,nan,nan,nan,497.6
330,34127,0.4633827209472656,-0.2988300323486328,499.0,499,nan,nan,nan,nan,497.6
331,34537,0.4338831901550293,-8.850341796875,410.0,410,nan,nan,nan,nan,497.6
332,34829,0.2579002380371094,-1.7044172286987305,292.0,292,nan,nan,nan,nan,497.6
333,34999,0.1561565399169922,-6.831943988800049,170.0,170,nan,nan,nan,nan,497.6
334,35093,0.08783125877380371,0.030713379383087158,94.0,94,nan,nan,nan,nan,497.6
335,35252,0.13749361038208008,-1.3703582286834717,159.0,159,nan,nan,nan,nan,497.6
336,35410,0.13644790649414062,-0.9116426706314087,158.0,158,nan,nan,nan,nan,497.6
337,35722,0.3132457733154297,5.730490684509277,312.0,312,nan,nan,nan,nan,497.6
338,36072,0.38158273696899414,0.5113177299499512,350.0,350,nan,nan,nan,nan,497.6
339,36221,0.2133650779724121,-6.159984111785889,149.0,149,nan,nan,nan,nan,497.6
340,36330,0.19308876991271973,-8.122944831848145,109.0,109,nan,nan,nan,nan,497.6
341,36828,0.41677379608154297,-5.055193901062012,498.0,498,nan,nan,nan,nan,497.6
342,37128,0.2589092254638672,0.6187596321105957,300.0,300,nan,nan,nan,nan,497.6
343,37286,0.14089584350585938,-0.012933492660522461,158.0,158,nan,nan,nan,nan,497.6
344,37517,0.21101951599121094,-10.331155776977539,231.0,231,nan,nan,nan,nan,497.6
345,37683,0.1894378662109375,-4.929718017578125,166.0,166,nan,nan,nan,nan,497.6
346,37999,0.4141426086425781,-0.23324346542358398,316.0,316,nan,nan,nan,nan,497.6
347,38499,0.4343230724334717,-0.22898471355438232,500.0,500,nan,nan,nan,nan,497.6
348,38785,0.303663969039917,-4.317835807800293,286.0,286,nan,nan,nan,nan,497.6
349,39213,0.3865022659301758,1.389310359954834,428.0,428,nan,nan,nan,nan,497.6
350,39463,0.22002387046813965,1.31205153465271,250.0,250,494.45,24.191889136650737,298.35,131.140487645883,497.6
351,39815,0.42937231063842773,-5.874489784240723,352.0,352,nan,nan,nan,nan,497.6
352,40219,0.39011716842651367,-0.6458779573440552,404.0,404,nan,nan,nan,nan,497.6
353,40594,0.33302879333496094,-0.1312168836593628,375.0,375,nan,nan,nan,nan,497.6
354,40918,0.32427525520324707,-1.8779574632644653,324.0,324,nan,nan,nan,nan,497.6
355,41296,0.35929298400878906,1.0102334022521973,378.0,378,nan,nan,nan,nan,497.6
356,41742,0.3771839141845703,-2.6498255729675293,446.0,446,nan,nan,nan,nan,497.6
357,41997,0.22009611129760742,-2.745725631713867,255.0,255,nan,nan,nan,nan,497.6
358,42175,0.17435145378112793,-0.970801830291748,178.0,178,nan,nan,nan,nan,497.6
359,42425,0.23688793182373047,-0.6671689748764038,250.0,250,nan,nan,nan,nan,497.6
360,42652,0.20043325424194336,-12.618729591369629,227.0,227,nan,nan,nan,nan,497.6
361,43031,0.33098459243774414,-3.6791889667510986,379.0,379,nan,nan,nan,nan,497.6
362,43396,0.3282325267791748,-7.3964104652404785,365.0,365,nan,nan,nan,nan,497.6
363,43543,0.14348721504211426,-6.8668341636657715,147.0,147,nan,nan,nan,nan,497.6
364,43803,0.26026248931884766,-1.8248317241668701,260.0,260,nan,nan,nan,nan,497.6
365,44220,0.37035584449768066,-0.5116119384765625,417.0,417,nan,nan,nan,nan,497.6
366,44664,0.4028654098510742,-2.8158340454101562,444.0,444,nan,nan,nan,nan,497.6
367,44817,0.14063620567321777,0.6281607151031494,153.0,153,nan,nan,nan,nan,497.6
368,45317,0.4440310001373291,-3.1665878295898438,500.0,500,nan,nan,nan,nan,497.6
369,45717,0.36326050758361816,-3.276455879211426,400.0,400,nan,nan,nan,nan,497.6
370,46040,0.3007168769836426,-0.7939732074737549,323.0,323,nan,nan,nan,nan,497.6
371,46449,0.3577759265899658,-7.085741996765137,409.0,409,nan,nan,nan,nan,497.6
372,46725,0.2547481060028076,-4.74086856842041,276.0,276,nan,nan,nan,nan,497.6
373,46914,0.17822980880737305,-0.831118106842041,189.0,189,nan,nan,nan,nan,497.6
374,47147,0.21105337142944336,-0.3981262445449829,233.0,233,nan,nan,nan,nan,497.6
375,47518,0.32689714431762695,-9.122871398925781,371.0,371,468.75,63.08476440472771,334.8,125.8950356447783,497.6
376,47931,0.3590695858001709,4.024300575256348,413.0,413,nan,nan,nan,nan,497.6
377,48179,0.23263120651245117,-0.24953705072402954,248.0,248,nan,nan,nan,nan,497.6
378,48398,0.19290375709533691,-9.020936965942383,219.0,219,nan,nan,nan,nan,497.6
379,48683,0.2685558795928955,-3.2738137245178223,285.0,285,nan,nan,nan,nan,497.6
380,48817,0.13599824905395508,0.6886699199676514,134.0,134,nan,nan,nan,nan,497.6
381,49012,0.18718171119689941,-10.285646438598633,195.0,195,nan,nan,nan,nan,497.6
382,49319,0.286590576171875,-1.2498576641082764,307.0,307,nan,nan,nan,nan,497.6
383,49457,0.13503170013427734,-1.1012157201766968,138.0,138,nan,nan,nan,nan,497.6
384,49748,0.278395414352417,3.9405667781829834,291.0,291,nan,nan,nan,nan,497.6
385,49823,0.06908464431762695,-3.99027156829834,75.0,75,nan,nan,nan,nan,497.6
386,50071,0.22052431106567383,-0.9660875797271729,248.0,248,nan,nan,nan,nan,497.6
387,50336,0.248748779296875,-6.704980373382568,265.0,265,nan,nan,nan,nan,497.6
388,50597,0.2307882308959961,1.008549690246582,261.0,261,nan,nan,nan,nan,497.6
389,50879,0.3024868965148926,2.3413169384002686,282.0,282,nan,nan,nan,nan,497.6
390,51181,0.2844667434692383,-4.825325965881348,302.0,302,nan,nan,nan,nan,497.6
391,51328,0.19536042213439941,-3.150629758834839,147.0,147,nan,nan,nan,nan,497.6
392,51528,0.22777056694030762,-2.815507650375366,200.0,200,nan,nan,nan,nan,497.6
393,51700,0.1871793270111084,3.902191638946533,172.0,172,nan,nan,nan,nan,497.6
394,51947,0.24605441093444824,-6.362044334411621,247.0,247,nan,nan,nan,nan,497.6
395,52076,0.11275243759155273,-0.12681829929351807,129.0,129,nan,nan,nan,nan,497.6
396,52359,0.2657127380371094,1.4396467208862305,283.0,283,nan,nan,nan,nan,497.6
397,52526,0.17668724060058594,-3.078963279724121,167.0,167,nan,nan,nan,nan,497.6
398,52687,0.14632701873779297,1.9805349111557007,161.0,161,nan,nan,nan,nan,497.6
399,53108,0.3998374938964844,-4.021610736846924,421.0,421,nan,nan,nan,nan,497.6
400,53377,0.24730348587036133,-5.694055557250977,269.0,269,433.95,87.38047550797604,266.85,97.27192554894758,497.6
401,53635,0.23073816299438477,2.707070827484131,258.0,258,nan,nan,nan,nan,497.6
402,54058,0.3768479824066162,5.847640037536621,423.0,423,nan,nan,nan,nan,497.6
403,54497,0.43123579025268555,8.317460060119629,439.0,439,nan,nan,nan,nan,497.6
404,54752,0.24364686012268066,-2.3997087478637695,255.0,255,nan,nan,nan,nan,497.6
405,55252,0.4392812252044678,5.197111129760742,500.0,500,nan,nan,nan,nan,497.6
406,55640,0.34640002250671387,-7.445356369018555,388.0,388,nan,nan,nan,nan,497.6
407,55745,0.21572113037109375,-4.43049430847168,105.0,105,nan,nan,nan,nan,497.6
408,56188,0.387237548828125,-1.6281932592391968,443.0,443,nan,nan,nan,nan,497.6
409,56688,0.43968772888183594,1.1080975532531738,500.0,500,nan,nan,nan,nan,497.6
410,56995,0.28052258491516113,-4.777658462524414,307.0,307,nan,nan,nan,nan,497.6
411,57234,0.21137237548828125,-8.857168197631836,239.0,239,nan,nan,nan,nan,497.6
412,57488,0.23456311225891113,-5.1659111976623535,254.0,254,nan,nan,nan,nan,497.6
413,57808,0.2795262336730957,-0.7618750333786011,320.0,320,nan,nan,nan,nan,497.6
414,58250,0.3840961456298828,-12.040103912353516,442.0,442,nan,nan,nan,nan,497.6
415,58750,0.4402017593383789,-2.0658421516418457,500.0,500,nan,nan,nan,nan,497.6
416,59020,0.2491762638092041,-22.2005558013916,270.0,270,nan,nan,nan,nan,497.6
417,59415,0.34435486793518066,-3.073939323425293,395.0,395,nan,nan,nan,nan,497.6
418,59915,0.4452700614929199,0.43004369735717773,500.0,500,nan,nan,nan,nan,497.6
419,60415,0.5238189697265625,0.8930234909057617,500.0,500,nan,nan,nan,nan,497.6
420,60915,0.44933629035949707,-3.041898727416992,500.0,500,nan,nan,nan,nan,497.6
421,61180,0.23525547981262207,-3.3846025466918945,265.0,265,nan,nan,nan,nan,497.6
422,61680,0.43309640884399414,-2.3202877044677734,500.0,500,nan,nan,nan,nan,497.6
423,62180,0.433610200881958,-3.7328290939331055,500.0,500,nan,nan,nan,nan,497.6
424,62490,0.27133727073669434,1.1206300258636475,310.0,310,nan,nan,nan,nan,497.6
425,62871,0.32947850227355957,-3.8535704612731934,381.0,381,493.8,17.130674242422565,264.15,103.25176753935015,497.6
426,63089,0.2116074562072754,-0.26516294479370117,218.0,218,nan,nan,nan,nan,497.6
427,63482,0.35263919830322266,-1.4848434925079346,393.0,393,nan,nan,nan,nan,497.6
428,63701,0.21038246154785156,-13.530451774597168,219.0,219,nan,nan,nan,nan,497.6
429,64079,0.3345208168029785,-2.166774272918701,378.0,378,nan,nan,nan,nan,497.6
430,64377,0.26846909523010254,-2.369539499282837,298.0,298,nan,nan,nan,nan,497.6
431,64602,0.20308661460876465,-1.7619678974151611,225.0,225,nan,nan,nan,nan,497.6
432,64885,0.24653983116149902,1.400600790977478,283.0,283,nan,nan,nan,nan,497.6
433,65306,0.3623998165130615,-5.372068405151367,421.0,421,nan,nan,nan,nan,497.6
434,65697,0.36811184883117676,-3.1244139671325684,391.0,391,nan,nan,nan,nan,497.6
435,66110,0.4529385566711426,3.8518271446228027,413.0,413,nan,nan,nan,nan,497.6
436,66317,0.2289881706237793,-1.7691501379013062,207.0,207,nan,nan,nan,nan,497.6
437,66730,0.40728116035461426,-9.924129486083984,413.0,413,nan,nan,nan,nan,497.6
438,67117,0.38869810104370117,-4.662036895751953,387.0,387,nan,nan,nan,nan,497.6
439,67325,0.2134265899658203,-0.669105052947998,208.0,208,nan,nan,nan,nan,497.6
440,67729,0.3674948215484619,-17.888330459594727,404.0,404,nan,nan,nan,nan,497.6
441,67989,0.263427734375,-9.140182495117188,260.0,260,nan,nan,nan,nan,497.6
442,68200,0.1996293067932129,-0.846429705619812,211.0,211,nan,nan,nan,nan,497.6
443,68258,0.059032440185546875,1.762343406677246,58.0,58,nan,nan,nan,nan,497.6
444,68758,0.5670099258422852,-8.05491828918457,500.0,500,nan,nan,nan,nan,497.6
445,69200,0.4182255268096924,-0.4767944812774658,442.0,442,nan,nan,nan,nan,497.6
446,69567,0.3432643413543701,-9.312704086303711,367.0,367,nan,nan,nan,nan,497.6
447,69772,0.21042299270629883,-5.8398518562316895,205.0,205,nan,nan,nan,nan,497.6
448,70272,0.4701545238494873,1.6112643480300903,500.0,500,nan,nan,nan,nan,497.6
449,70755,0.451183557510376,-2.4395432472229004,483.0,483,nan,nan,nan,nan,497.6
450,71255,0.46816134452819824,-9.968279838562012,500.0,500,499.95,0.2179449471770337,357.25,113.63664681782898,499.95
451,71577,0.39978528022766113,-2.6062026023864746,322.0,322,nan,nan,nan,nan,499.95
452,72077,0.6550190448760986,7.515614032745361,500.0,500,nan,nan,nan,nan,499.95
453,72577,0.5806846618652344,-7.581482887268066,500.0,500,nan,nan,nan,nan,499.95
454,72986,0.5491611957550049,-1.6615022420883179,409.0,409,nan,nan,nan,nan,499.95
455,73486,0.6366500854492188,-1.750901222229004,500.0,500,nan,nan,nan,nan,499.95
456,73823,0.3470497131347656,-13.777158737182617,337.0,337,nan,nan,nan,nan,499.95
457,74323,0.5670745372772217,-10.104682922363281,500.0,500,nan,nan,nan,nan,499.95
458,74823,0.48990464210510254,4.072536945343018,500.0,500,nan,nan,nan,nan,499.95
459,75188,0.4434797763824463,-8.851102828979492,365.0,365,nan,nan,nan,nan,499.95
460,75688,0.5122170448303223,-2.2537355422973633,500.0,500,nan,nan,nan,nan,499.95
461,76155,0.5124216079711914,0.8377093076705933,467.0,467,nan,nan,nan,nan,499.95
462,76655,0.6300449371337891,5.901854515075684,500.0,500,nan,nan,nan,nan,499.95
463,77155,0.4949827194213867,-7.344169616699219,500.0,500,nan,nan,nan,nan,499.95
464,77406,0.24274516105651855,1.1002697944641113,251.0,251,nan,nan,nan,nan,499.95
465,77792,0.36487841606140137,-2.7340521812438965,386.0,386,nan,nan,nan,nan,499.95
466,78292,0.44513726234436035,-0.712623119354248,500.0,500,nan,nan,nan,nan,499.95
467,78770,0.5495712757110596,-10.188270568847656,478.0,478,nan,nan,nan,nan,499.95
468,79270,0.5652358531951904,-6.766175270080566,500.0,500,nan,nan,nan,nan,499.95
469,79770,0.47846364974975586,0.18903625011444092,500.0,500,nan,nan,nan,nan,499.95
470,80270,0.4861297607421875,1.9434537887573242,500.0,500,nan,nan,nan,nan,499.95
471,80770,0.6458635330200195,-9.927392959594727,500.0,500,nan,nan,nan,nan,499.95
472,80997,0.20136260986328125,-4.492852687835693,227.0,227,nan,nan,nan,nan,499.95
473,81497,0.42912721633911133,-1.1234633922576904,500.0,500,nan,nan,nan,nan,499.95
474,81679,0.16530537605285645,-0.0030219554901123047,182.0,182,nan,nan,nan,nan,499.95
475,82179,0.45145511627197266,6.263183116912842,500.0,500,500.0,0.0,477.3,48.181012857763804,500.0
476,82679,0.4511418342590332,6.323838710784912,500.0,500,nan,nan,nan,nan,500.0
477,83125,0.39881396293640137,-23.40149688720703,446.0,446,nan,nan,nan,nan,500.0
478,83625,0.4663503170013428,8.063736915588379,500.0,500,nan,nan,nan,nan,500.0
479,84125,0.45632004737854004,-4.374896049499512,500.0,500,nan,nan,nan,nan,500.0
480,84625,0.44861674308776855,3.7569048404693604,500.0,500,nan,nan,nan,nan,500.0
481,85125,0.4400606155395508,-2.842090129852295,500.0,500,nan,nan,nan,nan,500.0
482,85625,0.5226054191589355,5.588589191436768,500.0,500,nan,nan,nan,nan,500.0
483,85946,0.3372485637664795,-5.815252304077148,321.0,321,nan,nan,nan,nan,500.0
484,86446,0.4511754512786865,-2.395388603210449,500.0,500,nan,nan,nan,nan,500.0
485,86946,0.4554286003112793,-13.814504623413086,500.0,500,nan,nan,nan,nan,500.0
486,87334,0.37572145462036133,-11.87488079071045,388.0,388,nan,nan,nan,nan,500.0
487,87834,0.7722218036651611,5.1581010818481445,500.0,500,nan,nan,nan,nan,500.0
488,88138,0.2790827751159668,-2.5574746131896973,304.0,304,nan,nan,nan,nan,500.0
489,88638,0.44130825996398926,-7.073010444641113,500.0,500,nan,nan,nan,nan,500.0
490,88943,0.2772977352142334,4.844335556030273,305.0,305,nan,nan,nan,nan,500.0
491,89443,0.4146437644958496,2.6360719203948975,500.0,500,nan,nan,nan,nan,500.0
492,89611,0.15543818473815918,-11.205118179321289,168.0,168,nan,nan,nan,nan,500.0
493,90111,0.4243602752685547,-8.010799407958984,500.0,500,nan,nan,nan,nan,500.0
494,90611,0.4265305995941162,-9.979255676269531,500.0,500,nan,nan,nan,nan,500.0
495,91043,0.37610554695129395,-0.595545768737793,432.0,432,nan,nan,nan,nan,500.0
496,91543,0.44787073135375977,-1.5453197956085205,500.0,500,nan,nan,nan,nan,500.0
497,92043,0.44168758392333984,-7.6155595779418945,500.0,500,nan,nan,nan,nan,500.0
498,92411,0.339369535446167,-10.49084186553955,368.0,368,nan,nan,nan,nan,500.0
499,92773,0.3958597183227539,-10.298409461975098,362.0,362,nan,nan,nan,nan,500.0
500,93129,0.3905298709869385,-9.178178787231445,356.0,356,360.0,62.02902546389069,310.5,129.7603560414351,500.0
501,93629,0.4483680725097656,10.081993103027344,500.0,500,nan,nan,nan,nan,500.0
502,94088,0.41507744789123535,-10.018143653869629,459.0,459,nan,nan,nan,nan,500.0
503,94348,0.2371814250946045,-2.4861226081848145,260.0,260,nan,nan,nan,nan,500.0
504,94848,0.4419219493865967,-9.734649658203125,500.0,500,nan,nan,nan,nan,500.0
505,95348,0.45986199378967285,3.5750346183776855,500.0,500,nan,nan,nan,nan,500.0
506,95848,0.44542431831359863,-0.6313610076904297,500.0,500,nan,nan,nan,nan,500.0
507,96348,0.559422492980957,1.385880947113037,500.0,500,nan,nan,nan,nan,500.0
508,96848,0.48708343505859375,-4.122297286987305,500.0,500,nan,nan,nan,nan,500.0
509,97348,0.43903303146362305,4.330079078674316,500.0,500,nan,nan,nan,nan,500.0
510,97848,0.4402430057525635,-1.22564697265625,500.0,500,nan,nan,nan,nan,500.0
511,98348,0.45598292350769043,-1.865877628326416,500.0,500,nan,nan,nan,nan,500.0
512,98848,0.4672811031341553,-4.134803771972656,500.0,500,nan,nan,nan,nan,500.0
513,99348,0.45914506912231445,7.086493015289307,500.0,500,nan,nan,nan,nan,500.0
514,99690,0.326540470123291,-2.444369316101074,342.0,342,nan,nan,nan,nan,500.0
515,100190,0.4388620853424072,-2.533341407775879,500.0,500,nan,nan,nan,nan,500.0
516,100442,0.2250058650970459,-4.43880033493042,252.0,252,nan,nan,nan,nan,500.0
517,100942,0.49330806732177734,-4.221144676208496,500.0,500,nan,nan,nan,nan,500.0
518,101442,0.5385994911193848,1.4610036611557007,500.0,500,nan,nan,nan,nan,500.0
519,101942,0.44715261459350586,-9.551319122314453,500.0,500,nan,nan,nan,nan,500.0
520,102442,0.6560163497924805,6.447395324707031,500.0,500,nan,nan,nan,nan,500.0
521,102942,0.7376248836517334,-1.6327052116394043,500.0,500,nan,nan,nan,nan,500.0
522,103337,0.38275671005249023,4.00588846206665,395.0,395,nan,nan,nan,nan,500.0
523,103837,0.48957371711730957,6.184039115905762,500.0,500,nan,nan,nan,nan,500.0
524,104337,0.49872469902038574,7.220839977264404,500.0,500,nan,nan,nan,nan,500.0
525,104837,0.4920952320098877,-10.081208229064941,500.0,500,500.0,0.0,456.9,83.0980745865992,500.0
526,105337,0.5467700958251953,0.3973090648651123,500.0,500,nan,nan,nan,nan,500.0
527,105837,0.5438141822814941,-6.899127960205078,500.0,500,nan,nan,nan,nan,500.0
528,106337,0.5415773391723633,0.8014889359474182,500.0,500,nan,nan,nan,nan,500.0
529,106575,0.24874162673950195,-12.539778709411621,238.0,238,nan,nan,nan,nan,500.0
530,107075,0.5008833408355713,-8.740303039550781,500.0,500,nan,nan,nan,nan,500.0
531,107575,0.580376386642456,3.9529788494110107,500.0,500,nan,nan,nan,nan,500.0
532,108075,0.5258922576904297,1.4235894680023193,500.0,500,nan,nan,nan,nan,500.0
533,108575,0.5191712379455566,-12.265015602111816,500.0,500,nan,nan,nan,nan,500.0
534,109075,0.5422637462615967,2.77400803565979,500.0,500,nan,nan,nan,nan,500.0
535,109575,0.5963120460510254,-5.033519744873047,500.0,500,nan,nan,nan,nan,500.0
536,110075,0.5568411350250244,-2.036160945892334,500.0,500,nan,nan,nan,nan,500.0
537,110575,0.5179383754730225,-4.026103496551514,500.0,500,nan,nan,nan,nan,500.0
538,110869,0.45358729362487793,-8.554335594177246,294.0,294,nan,nan,nan,nan,500.0
539,111189,0.4694559574127197,-18.399280548095703,320.0,320,nan,nan,nan,nan,500.0
540,111429,0.3531520366668701,-9.62215518951416,240.0,240,nan,nan,nan,nan,500.0
541,111861,0.6234543323516846,-10.623720169067383,432.0,432,nan,nan,nan,nan,500.0
542,112361,0.8182284832000732,-17.00177574157715,500.0,500,nan,nan,nan,nan,500.0
543,112861,0.540318489074707,1.7043006420135498,500.0,500,nan,nan,nan,nan,500.0
544,113212,0.394777774810791,-3.2192602157592773,351.0,351,nan,nan,nan,nan,500.0
545,113533,0.33881640434265137,-5.810800075531006,321.0,321,nan,nan,nan,nan,500.0
546,114033,0.5501265525817871,2.71425461769104,500.0,500,nan,nan,nan,nan,500.0
547,114304,0.3025376796722412,-2.591158151626587,271.0,271,nan,nan,nan,nan,500.0
548,114756,0.6246356964111328,-0.49564456939697266,452.0,452,nan,nan,nan,nan,500.0
549,115047,0.3756580352783203,-1.2578063011169434,291.0,291,nan,nan,nan,nan,500.0
550,115391,0.3916451930999756,-8.169323921203613,344.0,344,486.55,40.91879152663235,299.85,105.47666803611119,500.0
551,115783,0.4072115421295166,-1.3610124588012695,392.0,392,nan,nan,nan,nan,500.0
552,115959,0.18767857551574707,-6.226401329040527,176.0,176,nan,nan,nan,nan,500.0
553,116459,0.5569896697998047,9.798956871032715,500.0,500,nan,nan,nan,nan,500.0
554,116845,0.4024176597595215,-5.205009460449219,386.0,386,nan,nan,nan,nan,500.0
555,117206,0.3578782081604004,-4.407796382904053,361.0,361,nan,nan,nan,nan,500.0
556,117706,0.48973512649536133,-2.2151246070861816,500.0,500,nan,nan,nan,nan,500.0
557,118146,0.5160813331604004,-1.0797672271728516,440.0,440,nan,nan,nan,nan,500.0
558,118468,0.333467960357666,-3.5609045028686523,322.0,322,nan,nan,nan,nan,500.0
559,118868,0.43604373931884766,4.595158100128174,400.0,400,nan,nan,nan,nan,500.0
560,119368,0.5149281024932861,4.588978290557861,500.0,500,nan,nan,nan,nan,500.0
561,119706,0.3540167808532715,1.44673752784729,338.0,338,nan,nan,nan,nan,500.0
562,120045,0.34819960594177246,2.811452865600586,339.0,339,nan,nan,nan,nan,500.0
563,120545,0.47620248794555664,-2.935542345046997,500.0,500,nan,nan,nan,nan,500.0
564,120925,0.39057016372680664,-3.166459560394287,380.0,380,nan,nan,nan,nan,500.0
565,121425,0.47139596939086914,-0.28696608543395996,500.0,500,nan,nan,nan,nan,500.0
566,121925,0.5439975261688232,8.844270706176758,500.0,500,nan,nan,nan,nan,500.0
567,122425,0.43538570404052734,-17.171985626220703,500.0,500,nan,nan,nan,nan,500.0
568,122925,0.43436288833618164,-4.3808794021606445,500.0,500,nan,nan,nan,nan,500.0
569,123425,0.42876577377319336,-1.9581141471862793,500.0,500,nan,nan,nan,nan,500.0
570,123901,0.4101073741912842,-16.871177673339844,476.0,476,nan,nan,nan,nan,500.0
571,124401,0.4316747188568115,3.764594554901123,500.0,500,nan,nan,nan,nan,500.0
572,124901,0.4344327449798584,-5.864821910858154,500.0,500,nan,nan,nan,nan,500.0
573,125346,0.3985319137573242,-3.784128427505493,445.0,445,nan,nan,nan,nan,500.0
574,125846,0.44330883026123047,2.9056830406188965,500.0,500,nan,nan,nan,nan,500.0
575,126346,0.44889235496520996,-2.317843437194824,500.0,500,500.0,0.0,447.6,119.87259903747812,500.0
576,126846,0.4516136646270752,-0.8569333553314209,500.0,500,nan,nan,nan,nan,500.0
577,127346,0.46906232833862305,-3.5834054946899414,500.0,500,nan,nan,nan,nan,500.0
578,127846,0.45064687728881836,2.9257659912109375,500.0,500,nan,nan,nan,nan,500.0
579,128025,0.18164515495300293,-10.595813751220703,179.0,179,nan,nan,nan,nan,500.0
580,128525,0.4889497756958008,5.271744728088379,500.0,500,nan,nan,nan,nan,500.0
581,129025,0.43979501724243164,-5.551135063171387,500.0,500,nan,nan,nan,nan,500.0
582,129286,0.2387523651123047,2.152884006500244,261.0,261,nan,nan,nan,nan,500.0
583,129786,0.4349987506866455,1.9090921878814697,500.0,500,nan,nan,nan,nan,500.0
584,130286,0.43717384338378906,-12.245931625366211,500.0,500,nan,nan,nan,nan,500.0
585,130786,0.44511914253234863,5.505833625793457,500.0,500,nan,nan,nan,nan,500.0
586,131286,0.4425649642944336,-4.420121192932129,500.0,500,nan,nan,nan,nan,500.0
587,131708,0.3857846260070801,-5.698635578155518,422.0,422,nan,nan,nan,nan,500.0
588,131894,0.1778867244720459,-16.526668548583984,186.0,186,nan,nan,nan,nan,500.0
589,132394,0.7259600162506104,-4.936779022216797,500.0,500,nan,nan,nan,nan,500.0
590,132894,0.5808548927307129,-4.660085678100586,500.0,500,nan,nan,nan,nan,500.0
591,133394,0.49735546112060547,3.1982436180114746,500.0,500,nan,nan,nan,nan,500.0
592,133894,0.5878403186798096,5.106474876403809,500.0,500,nan,nan,nan,nan,500.0
593,134394,0.5885119438171387,-5.629979610443115,500.0,500,nan,nan,nan,nan,500.0
594,134894,0.5015804767608643,-1.6129462718963623,500.0,500,nan,nan,nan,nan,500.0
595,135394,0.6023797988891602,4.456648826599121,500.0,500,nan,nan,nan,nan,500.0
596,135894,0.570267915725708,-7.821831226348877,500.0,500,nan,nan,nan,nan,500.0
597,136317,0.5120182037353516,-2.512683868408203,423.0,423,nan,nan,nan,nan,500.0
598,136817,0.559929370880127,4.574879169464111,500.0,500,nan,nan,nan,nan,500.0
599,137317,0.5326149463653564,-3.29337215423584,500.0,500,nan,nan,nan,nan,500.0
600,137817,0.5342845916748047,-9.739574432373047,500.0,500,500.0,0.0,403.45,108.17877564476314,500.0
601,138317,0.5259473323822021,-12.234394073486328,500.0,500,nan,nan,nan,nan,500.0
602,138758,0.4086596965789795,4.07295560836792,441.0,441,nan,nan,nan,nan,500.0
603,138967,0.19129228591918945,-4.7030839920043945,209.0,209,nan,nan,nan,nan,500.0
604,139358,0.34473562240600586,-6.037860870361328,391.0,391,nan,nan,nan,nan,500.0
605,139858,0.444608211517334,-0.9932296276092529,500.0,500,nan,nan,nan,nan,500.0
606,140342,0.45328497886657715,-9.938583374023438,484.0,484,nan,nan,nan,nan,500.0
607,140842,0.44915080070495605,-8.22298526763916,500.0,500,nan,nan,nan,nan,500.0
608,141276,0.4041290283203125,-0.4044642448425293,434.0,434,nan,nan,nan,nan,500.0
609,141776,0.4447603225708008,-4.325357913970947,500.0,500,nan,nan,nan,nan,500.0
610,142276,0.4478614330291748,4.448083400726318,500.0,500,nan,nan,nan,nan,500.0
611,142776,0.44681453704833984,-9.513875961303711,500.0,500,nan,nan,nan,nan,500.0
612,143276,0.45691585540771484,0.4917415380477905,500.0,500,nan,nan,nan,nan,500.0
613,143475,0.18595623970031738,-12.001748085021973,199.0,199,nan,nan,nan,nan,500.0
614,143629,0.13971471786499023,-7.096424102783203,154.0,154,nan,nan,nan,nan,500.0
615,144010,0.3343923091888428,-4.954921245574951,381.0,381,nan,nan,nan,nan,500.0
616,144510,0.4380970001220703,-11.971766471862793,500.0,500,nan,nan,nan,nan,500.0
617,145010,0.4506800174713135,5.919477462768555,500.0,500,nan,nan,nan,nan,500.0
618,145272,0.2383739948272705,-2.1948773860931396,262.0,262,nan,nan,nan,nan,500.0
619,145723,0.39346957206726074,-20.0428409576416,451.0,451,nan,nan,nan,nan,500.0
620,146223,0.43651771545410156,11.748735427856445,500.0,500,nan,nan,nan,nan,500.0
621,146573,0.30970311164855957,-15.013830184936523,350.0,350,nan,nan,nan,nan,500.0
622,147073,0.44330644607543945,2.6352953910827637,500.0,500,nan,nan,nan,nan,500.0
623,147414,0.37508416175842285,-16.02307891845703,341.0,341,nan,nan,nan,nan,500.0
624,147620,0.18680906295776367,-1.62750244140625,206.0,206,nan,nan,nan,nan,500.0
625,148120,0.43426966667175293,-1.7956228256225586,500.0,500,462.35,48.55540649608445,454.0,72.11518564075115,500.0
626,148362,0.22022533416748047,-2.347269296646118,242.0,242,nan,nan,nan,nan,500.0
627,148841,0.42123866081237793,-1.6621417999267578,479.0,479,nan,nan,nan,nan,500.0
628,149232,0.42114782333374023,-2.47161865234375,391.0,391,nan,nan,nan,nan,500.0
629,149732,0.4769313335418701,-1.6582876443862915,500.0,500,nan,nan,nan,nan,500.0
630,150232,0.4387965202331543,4.183585166931152,500.0,500,nan,nan,nan,nan,500.0
631,150419,0.17042016983032227,0.4351072311401367,187.0,187,nan,nan,nan,nan,500.0
632,150919,0.42575764656066895,0.17037391662597656,500.0,500,nan,nan,nan,nan,500.0
633,151419,0.4423534870147705,-0.7185258865356445,500.0,500,nan,nan,nan,nan,500.0
634,151650,0.21352696418762207,-0.9576303362846375,231.0,231,nan,nan,nan,nan,500.0
635,152150,0.45209503173828125,-10.924022674560547,500.0,500,nan,nan,nan,nan,500.0
636,152555,0.36066102981567383,-2.2935056686401367,405.0,405,nan,nan,nan,nan,500.0
637,153055,0.43820834159851074,-0.49620652198791504,500.0,500,nan,nan,nan,nan,500.0
638,153555,0.447948694229126,8.977761268615723,500.0,500,nan,nan,nan,nan,500.0
639,153802,0.22960758209228516,-2.268069267272949,247.0,247,nan,nan,nan,nan,500.0
640,154037,0.2097640037536621,-3.2658326625823975,235.0,235,nan,nan,nan,nan,500.0
641,154537,0.44571924209594727,-1.207175374031067,500.0,500,nan,nan,nan,nan,500.0
642,154708,0.15818357467651367,-0.627322793006897,171.0,171,nan,nan,nan,nan,500.0
643,155208,0.42998361587524414,-7.306047439575195,500.0,500,nan,nan,nan,nan,500.0
644,155664,0.3988785743713379,-23.146526336669922,456.0,456,nan,nan,nan,nan,500.0
645,156164,0.4425506591796875,10.754325866699219,500.0,500,nan,nan,nan,nan,500.0
646,156664,0.7610290050506592,-11.120293617248535,500.0,500,nan,nan,nan,nan,500.0
647,157164,0.5995798110961914,-10.17984676361084,500.0,500,nan,nan,nan,nan,500.0
648,157607,0.45794153213500977,-1.962691307067871,443.0,443,nan,nan,nan,nan,500.0
649,158107,0.5280225276947021,-3.0873312950134277,500.0,500,nan,nan,nan,nan,500.0
650,158607,0.542731523513794,-11.073418617248535,500.0,500,500.0,0.0,481.45,64.4014557288886,500.0
651,159107,0.5178365707397461,-7.204314231872559,500.0,500,nan,nan,nan,nan,500.0
652,159607,0.5172302722930908,4.6889142990112305,500.0,500,nan,nan,nan,nan,500.0
653,160107,0.48448920249938965,-8.528539657592773,500.0,500,nan,nan,nan,nan,500.0
654,160607,0.478527307510376,-5.778042793273926,500.0,500,nan,nan,nan,nan,500.0
655,161107,0.46130871772766113,3.293541431427002,500.0,500,nan,nan,nan,nan,500.0
656,161607,0.4744243621826172,-0.6039087772369385,500.0,500,nan,nan,nan,nan,500.0
657,162107,0.6082937717437744,-10.68210506439209,500.0,500,nan,nan,nan,nan,500.0
658,162590,0.49836182594299316,-12.102923393249512,483.0,483,nan,nan,nan,nan,500.0
659,163090,0.6132199764251709,-2.0562071800231934,500.0,500,nan,nan,nan,nan,500.0
660,163590,0.49968838691711426,-5.84825325012207,500.0,500,nan,nan,nan,nan,500.0
661,164090,0.4855959415435791,-8.678009986877441,500.0,500,nan,nan,nan,nan,500.0
662,164590,0.4684712886810303,3.519435167312622,500.0,500,nan,nan,nan,nan,500.0
663,165090,0.6184525489807129,5.7238850593566895,500.0,500,nan,nan,nan,nan,500.0
664,165590,0.47712135314941406,5.439911842346191,500.0,500,nan,nan,nan,nan,500.0
665,166090,0.5050380229949951,-5.204023361206055,500.0,500,nan,nan,nan,nan,500.0
666,166546,0.45289039611816406,0.9500794410705566,456.0,456,nan,nan,nan,nan,500.0
667,167046,0.523205041885376,-1.2519254684448242,500.0,500,nan,nan,nan,nan,500.0
668,167546,0.5984077453613281,5.759505748748779,500.0,500,nan,nan,nan,nan,500.0
669,168046,0.5068213939666748,0.9322468042373657,500.0,500,nan,nan,nan,nan,500.0
670,168546,0.48448657989501953,-9.522382736206055,500.0,500,nan,nan,nan,nan,500.0
671,169046,0.4829251766204834,0.15276837348937988,500.0,500,nan,nan,nan,nan,500.0
672,169546,0.5058939456939697,-4.711916923522949,500.0,500,nan,nan,nan,nan,500.0
673,170046,0.5286295413970947,-2.572999954223633,500.0,500,nan,nan,nan,nan,500.0
674,170518,0.498488187789917,-9.314475059509277,472.0,472,nan,nan,nan,nan,500.0
675,171018,0.7626626491546631,-3.7687366008758545,500.0,500,500.0,0.0,470.25,65.55522481084174,500.0
676,171473,0.4149775505065918,-5.36676025390625,455.0,455,nan,nan,nan,nan,500.0
677,171973,0.561241865158081,-11.467881202697754,500.0,500,nan,nan,nan,nan,500.0
678,172473,0.7043845653533936,-7.529898166656494,500.0,500,nan,nan,nan,nan,500.0
679,172935,0.4821178913116455,-1.0417901277542114,462.0,462,nan,nan,nan,nan,500.0
680,173108,0.18358969688415527,4.2337751388549805,173.0,173,nan,nan,nan,nan,500.0
681,173608,0.579401969909668,-4.198501110076904,500.0,500,nan,nan,nan,nan,500.0
682,174082,0.5643701553344727,-15.49413013458252,474.0,474,nan,nan,nan,nan,500.0
683,174582,0.7696182727813721,-1.1819877624511719,500.0,500,nan,nan,nan,nan,500.0
684,175082,0.8081121444702148,-3.206286907196045,500.0,500,nan,nan,nan,nan,500.0
685,175582,0.7770662307739258,2.758803129196167,500.0,500,nan,nan,nan,nan,500.0
686,176082,0.5269279479980469,0.38107967376708984,500.0,500,nan,nan,nan,nan,500.0
687,176582,0.514739990234375,-11.635217666625977,500.0,500,nan,nan,nan,nan,500.0
688,177082,0.5713596343994141,6.915729522705078,500.0,500,nan,nan,nan,nan,500.0
689,177582,0.49326276779174805,-5.035588264465332,500.0,500,nan,nan,nan,nan,500.0
690,178082,0.4559159278869629,-0.3907628059387207,500.0,500,nan,nan,nan,nan,500.0
691,178582,0.46194934844970703,9.84766960144043,500.0,500,nan,nan,nan,nan,500.0
692,178713,0.13461804389953613,-3.0016822814941406,131.0,131,nan,nan,nan,nan,500.0
693,179213,0.44803452491760254,-8.427169799804688,500.0,500,nan,nan,nan,nan,500.0
694,179713,0.4350004196166992,4.97517728805542,500.0,500,nan,nan,nan,nan,500.0
695,180024,0.27448391914367676,-5.865800857543945,311.0,311,nan,nan,nan,nan,500.0
696,180524,0.4691307544708252,-14.38950252532959,500.0,500,nan,nan,nan,nan,500.0
697,181024,0.440171480178833,-13.483031272888184,500.0,500,nan,nan,nan,nan,500.0
698,181524,0.42743849754333496,-1.0099289417266846,500.0,500,nan,nan,nan,nan,500.0
699,182024,0.42713022232055664,-2.5516278743743896,500.0,500,nan,nan,nan,nan,500.0
700,182374,0.29953908920288086,-7.698664665222168,350.0,350,500.0,0.0,457.75,86.03887202886844,500.0
701,182874,0.5634057521820068,3.4647998809814453,500.0,500,nan,nan,nan,nan,500.0
702,183374,0.6298675537109375,-0.7037363052368164,500.0,500,nan,nan,nan,nan,500.0
703,183721,0.47809433937072754,-6.517144203186035,347.0,347,nan,nan,nan,nan,500.0
704,184221,1.0140728950500488,4.643465518951416,500.0,500,nan,nan,nan,nan,500.0
705,184588,0.46329259872436523,-9.456022262573242,367.0,367,nan,nan,nan,nan,500.0
706,185037,0.5185489654541016,-0.5156741142272949,449.0,449,nan,nan,nan,nan,500.0
707,185537,0.53131103515625,-3.7879128456115723,500.0,500,nan,nan,nan,nan,500.0
708,185948,0.4767894744873047,-20.19118309020996,411.0,411,nan,nan,nan,nan,500.0
709,186448,0.5509040355682373,2.660417079925537,500.0,500,nan,nan,nan,nan,500.0
710,186834,0.7680013179779053,-2.8189539909362793,386.0,386,nan,nan,nan,nan,500.0
711,187334,0.6060938835144043,-11.702603340148926,500.0,500,nan,nan,nan,nan,500.0
712,187834,0.5870296955108643,-5.9537272453308105,500.0,500,nan,nan,nan,nan,500.0
713,188334,0.5639631748199463,-8.990711212158203,500.0,500,nan,nan,nan,nan,500.0
714,188834,0.48905181884765625,-1.0001182556152344,500.0,500,nan,nan,nan,nan,500.0
715,189334,0.5307772159576416,-2.0277974605560303,500.0,500,nan,nan,nan,nan,500.0
716,189637,0.4119861125946045,-12.47333812713623,303.0,303,nan,nan,nan,nan,500.0
717,190137,0.6295506954193115,-1.5819644927978516,500.0,500,nan,nan,nan,nan,500.0
718,190637,0.5152149200439453,0.004858970642089844,500.0,500,nan,nan,nan,nan,500.0
719,191127,0.50870680809021,-27.59792137145996,490.0,490,nan,nan,nan,nan,500.0
720,191627,0.5360660552978516,-3.912106990814209,500.0,500,nan,nan,nan,nan,500.0
721,192127,0.6599223613739014,-2.8591396808624268,500.0,500,nan,nan,nan,nan,500.0
722,192627,0.8704564571380615,-9.969440460205078,500.0,500,nan,nan,nan,nan,500.0
723,193127,0.7114238739013672,0.214447021484375,500.0,500,nan,nan,nan,nan,500.0
724,193627,0.66074538230896,4.814560890197754,500.0,500,nan,nan,nan,nan,500.0
725,194127,0.9202871322631836,-2.6083970069885254,500.0,500,500.0,0.0,471.3,84.45714889812466,500.0
726,194627,0.43546104431152344,-4.1159162521362305,500.0,500,nan,nan,nan,nan,500.0
727,195127,0.4633514881134033,-5.734531402587891,500.0,500,nan,nan,nan,nan,500.0
728,195372,0.22046995162963867,-5.642285346984863,245.0,245,nan,nan,nan,nan,500.0
729,195872,0.4309201240539551,-6.792750835418701,500.0,500,nan,nan,nan,nan,500.0
730,196075,0.1795814037322998,-0.3014662563800812,203.0,203,nan,nan,nan,nan,500.0
731,196575,0.5657463073730469,-1.4625365734100342,500.0,500,nan,nan,nan,nan,500.0
732,197075,0.44512104988098145,-1.871500015258789,500.0,500,nan,nan,nan,nan,500.0
733,197356,0.24548768997192383,-2.9095284938812256,281.0,281,nan,nan,nan,nan,500.0
734,197856,0.42658185958862305,-2.187664270401001,500.0,500,nan,nan,nan,nan,500.0
735,198356,0.45531439781188965,6.046669960021973,500.0,500,nan,nan,nan,nan,500.0
736,198856,0.44010329246520996,-18.945514678955078,500.0,500,nan,nan,nan,nan,500.0
737,199356,0.47397947311401367,-0.43242180347442627,500.0,500,nan,nan,nan,nan,500.0
738,199856,0.4650557041168213,-14.494356155395508,500.0,500,nan,nan,nan,nan,500.0
739,200356,0.4271836280822754,-10.48928165435791,500.0,500,nan,nan,nan,nan,500.0
740,200856,0.47152161598205566,-5.249067306518555,500.0,500,nan,nan,nan,nan,500.0
741,201356,0.4620656967163086,6.45521354675293,500.0,500,nan,nan,nan,nan,500.0
742,201856,0.44718170166015625,3.835721969604492,500.0,500,nan,nan,nan,nan,500.0
743,202154,0.2599470615386963,0.661839485168457,298.0,298,nan,nan,nan,nan,500.0
744,202654,0.43253254890441895,13.780998229980469,500.0,500,nan,nan,nan,nan,500.0
745,203154,0.4284696578979492,-3.946305274963379,500.0,500,nan,nan,nan,nan,500.0
746,203653,0.4186851978302002,-5.105449199676514,499.0,499,nan,nan,nan,nan,500.0
747,204022,0.3200385570526123,6.675196170806885,369.0,369,nan,nan,nan,nan,500.0
748,204330,0.25855135917663574,-14.520726203918457,308.0,308,nan,nan,nan,nan,500.0
749,204830,0.44037389755249023,-3.7434353828430176,500.0,500,nan,nan,nan,nan,500.0
750,205301,0.4770171642303467,15.178690910339355,471.0,471,500.0,0.0,467.1,76.87255687174716,500.0
751,205801,0.5426690578460693,-1.638108253479004,500.0,500,nan,nan,nan,nan,500.0
752,206243,0.4618687629699707,0.1218879222869873,442.0,442,nan,nan,nan,nan,500.0
753,206676,0.48414015769958496,2.0368518829345703,433.0,433,nan,nan,nan,nan,500.0
754,207176,0.5613818168640137,-3.585834503173828,500.0,500,nan,nan,nan,nan,500.0
755,207676,0.5970025062561035,-1.0835647583007812,500.0,500,nan,nan,nan,nan,500.0
756,208155,0.524282693862915,-0.48542648553848267,479.0,479,nan,nan,nan,nan,500.0
757,208655,0.4865877628326416,-9.050126075744629,500.0,500,nan,nan,nan,nan,500.0
758,209155,0.46769142150878906,4.978548526763916,500.0,500,nan,nan,nan,nan,500.0
759,209288,0.13594675064086914,1.8086130619049072,133.0,133,nan,nan,nan,nan,500.0
760,209788,0.4808986186981201,-2.5121264457702637,500.0,500,nan,nan,nan,nan,500.0
761,210288,0.45091724395751953,17.572547912597656,500.0,500,nan,nan,nan,nan,500.0
762,210670,0.34493470191955566,4.377920627593994,382.0,382,nan,nan,nan,nan,500.0
763,210982,0.3781566619873047,-12.369695663452148,312.0,312,nan,nan,nan,nan,500.0
764,211482,0.4520113468170166,-2.3130910396575928,500.0,500,nan,nan,nan,nan,500.0
765,211982,0.4582984447479248,-1.8191423416137695,500.0,500,nan,nan,nan,nan,500.0
766,212482,0.48572754859924316,3.48026704788208,500.0,500,nan,nan,nan,nan,500.0
767,212982,0.5127139091491699,-1.653071403503418,500.0,500,nan,nan,nan,nan,500.0
768,213482,0.6140837669372559,-13.888833045959473,500.0,500,nan,nan,nan,nan,500.0
769,213644,0.1676640510559082,4.432039737701416,162.0,162,nan,nan,nan,nan,500.0
770,214144,0.4598569869995117,-7.857516765594482,500.0,500,nan,nan,nan,nan,500.0
771,214644,0.4406273365020752,-6.862949848175049,500.0,500,nan,nan,nan,nan,500.0
772,215144,0.44161176681518555,7.1688385009765625,500.0,500,nan,nan,nan,nan,500.0
773,215644,0.4900472164154053,15.59937858581543,500.0,500,nan,nan,nan,nan,500.0
774,216144,0.43468809127807617,2.7875189781188965,500.0,500,nan,nan,nan,nan,500.0
775,216644,0.4291801452636719,4.232871055603027,500.0,500,500.0,0.0,460.9,75.26014881728577,500.0
776,216916,0.2682952880859375,4.146808624267578,272.0,272,nan,nan,nan,nan,500.0
777,217416,0.4265627861022949,-3.3179898262023926,500.0,500,nan,nan,nan,nan,500.0
778,217916,0.4926004409790039,-11.054807662963867,500.0,500,nan,nan,nan,nan,500.0
779,218407,0.4537205696105957,-6.895864486694336,491.0,491,nan,nan,nan,nan,500.0
780,218907,0.438709020614624,4.938798904418945,500.0,500,nan,nan,nan,nan,500.0
781,219407,0.42871785163879395,0.9514610767364502,500.0,500,nan,nan,nan,nan,500.0
782,219617,0.18586111068725586,-4.068414688110352,210.0,210,nan,nan,nan,nan,500.0
783,220117,0.4377868175506592,2.0159106254577637,500.0,500,nan,nan,nan,nan,500.0
784,220617,0.4462108612060547,15.761516571044922,500.0,500,nan,nan,nan,nan,500.0
785,221117,0.4200763702392578,-4.635065078735352,500.0,500,nan,nan,nan,nan,500.0
786,221617,0.4310433864593506,-0.3534865379333496,500.0,500,nan,nan,nan,nan,500.0
787,222117,0.4364619255065918,-4.139646530151367,500.0,500,nan,nan,nan,nan,500.0
788,222617,0.45552802085876465,0.5434231758117676,500.0,500,nan,nan,nan,nan,500.0
789,223117,0.5184519290924072,-9.30154037475586,500.0,500,nan,nan,nan,nan,500.0
790,223617,0.46918654441833496,-3.613154411315918,500.0,500,nan,nan,nan,nan,500.0
791,224117,0.44960522651672363,-10.141351699829102,500.0,500,nan,nan,nan,nan,500.0
792,224617,0.4339277744293213,0.9251570701599121,500.0,500,nan,nan,nan,nan,500.0
793,225117,0.44629788398742676,-0.9862875938415527,500.0,500,nan,nan,nan,nan,500.0
794,225606,0.438922643661499,-5.367970943450928,489.0,489,nan,nan,nan,nan,500.0
795,225864,0.24430346488952637,-0.7711305618286133,258.0,258,nan,nan,nan,nan,500.0
796,226364,0.4391047954559326,5.734053611755371,500.0,500,nan,nan,nan,nan,500.0
797,226782,0.3678762912750244,-28.19086265563965,418.0,418,nan,nan,nan,nan,500.0
798,227282,0.4324159622192383,-10.587590217590332,500.0,500,nan,nan,nan,nan,500.0
799,227535,0.22228717803955078,4.396531581878662,253.0,253,nan,nan,nan,nan,500.0
800,227807,0.23163557052612305,-2.254845142364502,272.0,272,500.0,0.0,459.45,88.95756010592915,500.0
801,228265,0.39453125,-6.799914836883545,458.0,458,nan,nan,nan,nan,500.0
802,228765,0.44353342056274414,-1.8433918952941895,500.0,500,nan,nan,nan,nan,500.0
803,229265,0.42153215408325195,3.5349807739257812,500.0,500,nan,nan,nan,nan,500.0
804,229765,0.43672823905944824,1.9442130327224731,500.0,500,nan,nan,nan,nan,500.0
805,230265,0.4266541004180908,-0.5117254257202148,500.0,500,nan,nan,nan,nan,500.0
806,230765,0.4441392421722412,-23.411279678344727,500.0,500,nan,nan,nan,nan,500.0
807,231265,0.4323122501373291,-2.2152438163757324,500.0,500,nan,nan,nan,nan,500.0
808,231765,0.43140625953674316,-0.6273999214172363,500.0,500,nan,nan,nan,nan,500.0
809,232265,0.4369499683380127,-7.611968517303467,500.0,500,nan,nan,nan,nan,500.0
810,232765,0.42220473289489746,-6.731693744659424,500.0,500,nan,nan,nan,nan,500.0
811,233265,0.4360060691833496,-4.683474540710449,500.0,500,nan,nan,nan,nan,500.0
812,233765,0.45601654052734375,-1.3659770488739014,500.0,500,nan,nan,nan,nan,500.0
813,234265,0.43807411193847656,4.901157379150391,500.0,500,nan,nan,nan,nan,500.0
814,234471,0.18353843688964844,1.301529884338379,206.0,206,nan,nan,nan,nan,500.0
815,234971,0.5083956718444824,-7.720777988433838,500.0,500,nan,nan,nan,nan,500.0
816,235471,0.43955230712890625,-1.5800600051879883,500.0,500,nan,nan,nan,nan,500.0
817,235971,0.44317102432250977,8.152297973632812,500.0,500,nan,nan,nan,nan,500.0
818,236471,0.4348182678222656,-3.9987573623657227,500.0,500,nan,nan,nan,nan,500.0
819,236971,0.4341890811920166,11.162338256835938,500.0,500,nan,nan,nan,nan,500.0
820,237471,0.5568101406097412,6.507144927978516,500.0,500,nan,nan,nan,nan,500.0
821,237971,0.4344174861907959,-4.242129802703857,500.0,500,nan,nan,nan,nan,500.0
822,238471,0.4440171718597412,0.8093276023864746,500.0,500,nan,nan,nan,nan,500.0
823,238834,0.33438825607299805,-19.274356842041016,363.0,363,nan,nan,nan,nan,500.0
824,239334,0.42995119094848633,4.647165298461914,500.0,500,nan,nan,nan,nan,500.0
825,239834,0.4439985752105713,-0.794640064239502,500.0,500,500.0,0.0,474.8,52.21455735712025,500.0
826,240334,0.4973781108856201,-2.4335551261901855,500.0,500,nan,nan,nan,nan,500.0
827,240834,0.4485199451446533,4.788914680480957,500.0,500,nan,nan,nan,nan,500.0
828,241334,0.42947864532470703,-6.2063798904418945,500.0,500,nan,nan,nan,nan,500.0
829,241834,0.42369866371154785,0.7504968643188477,500.0,500,nan,nan,nan,nan,500.0
830,242334,0.43780994415283203,2.4049019813537598,500.0,500,nan,nan,nan,nan,500.0
831,242679,0.2959325313568115,-9.521926879882812,345.0,345,nan,nan,nan,nan,500.0
832,243179,0.42076897621154785,5.669168949127197,500.0,500,nan,nan,nan,nan,500.0
833,243679,0.49037814140319824,-6.6023149490356445,500.0,500,nan,nan,nan,nan,500.0
834,244179,0.45946478843688965,-1.545874834060669,500.0,500,nan,nan,nan,nan,500.0
835,244679,0.6765425205230713,4.629085063934326,500.0,500,nan,nan,nan,nan,500.0
836,245179,0.652172327041626,1.4154582023620605,500.0,500,nan,nan,nan,nan,500.0
837,245679,0.5336880683898926,-6.028745174407959,500.0,500,nan,nan,nan,nan,500.0
838,246179,0.611492395401001,-1.7870423793792725,500.0,500,nan,nan,nan,nan,500.0
839,246679,0.6204380989074707,9.8519287109375,500.0,500,nan,nan,nan,nan,500.0
840,247179,0.4536464214324951,-3.6421899795532227,500.0,500,nan,nan,nan,nan,500.0
841,247679,0.5430645942687988,-3.6067755222320557,500.0,500,nan,nan,nan,nan,500.0
842,248179,0.5348210334777832,-3.138188600540161,500.0,500,nan,nan,nan,nan,500.0
843,248568,0.38728833198547363,-3.9669456481933594,389.0,389,nan,nan,nan,nan,500.0
844,249068,0.5185868740081787,4.703194618225098,500.0,500,nan,nan,nan,nan,500.0
845,249568,0.5290288925170898,4.1397223472595215,500.0,500,nan,nan,nan,nan,500.0
846,250068,0.5785205364227295,2.9699795246124268,500.0,500,nan,nan,nan,nan,500.0
847,250286,0.2176351547241211,1.2619677782058716,218.0,218,nan,nan,nan,nan,500.0
848,250786,0.46054911613464355,7.9745612144470215,500.0,500,nan,nan,nan,nan,500.0
849,251286,0.4676203727722168,-12.028615951538086,500.0,500,nan,nan,nan,nan,500.0
850,251786,0.42844367027282715,-7.606568813323975,500.0,500,500.0,0.0,498.1,8.28190799272728,500.0
851,252286,0.49631381034851074,-5.551735877990723,500.0,500,nan,nan,nan,nan,500.0
852,252786,0.5894665718078613,2.546161413192749,500.0,500,nan,nan,nan,nan,500.0
853,253286,0.5898427963256836,-9.597269058227539,500.0,500,nan,nan,nan,nan,500.0
854,253786,0.47198987007141113,6.818629264831543,500.0,500,nan,nan,nan,nan,500.0
855,254122,0.3898017406463623,-11.973381042480469,336.0,336,nan,nan,nan,nan,500.0
856,254622,0.5341930389404297,7.55042839050293,500.0,500,nan,nan,nan,nan,500.0
857,255122,0.5676348209381104,-19.029104232788086,500.0,500,nan,nan,nan,nan,500.0
858,255622,0.4667339324951172,-6.5560150146484375,500.0,500,nan,nan,nan,nan,500.0
859,255864,0.2279043197631836,-5.141540050506592,242.0,242,nan,nan,nan,nan,500.0
860,256364,0.46799612045288086,-3.7744922637939453,500.0,500,nan,nan,nan,nan,500.0
861,256864,0.4702019691467285,-13.358739852905273,500.0,500,nan,nan,nan,nan,500.0
862,257159,0.27495646476745605,1.0377070903778076,295.0,295,nan,nan,nan,nan,500.0
863,257659,0.43677353858947754,10.497997283935547,500.0,500,nan,nan,nan,nan,500.0
864,258159,0.44645071029663086,1.9567551612854004,500.0,500,nan,nan,nan,nan,500.0
865,258659,0.4515995979309082,-8.942305564880371,500.0,500,nan,nan,nan,nan,500.0
866,259159,0.4312615394592285,1.4030559062957764,500.0,500,nan,nan,nan,nan,500.0
867,259659,0.4695138931274414,2.46274733543396,500.0,500,nan,nan,nan,nan,500.0
868,260159,0.5177750587463379,0.6400628089904785,500.0,500,nan,nan,nan,nan,500.0
869,260659,0.44636106491088867,2.186432123184204,500.0,500,nan,nan,nan,nan,500.0
870,260865,0.18645429611206055,-1.4738878011703491,206.0,206,nan,nan,nan,nan,500.0
871,261365,0.4221463203430176,-3.6960315704345703,500.0,500,nan,nan,nan,nan,500.0
872,261865,0.4355473518371582,-5.0082597732543945,500.0,500,nan,nan,nan,nan,500.0
873,262365,0.44497227668762207,8.876322746276855,500.0,500,nan,nan,nan,nan,500.0
874,262534,0.15292024612426758,4.539851665496826,169.0,169,nan,nan,nan,nan,500.0
875,263034,0.43705248832702637,-19.413379669189453,500.0,500,500.0,0.0,447.0,106.4650177288296,500.0
876,263534,0.44936347007751465,8.244088172912598,500.0,500,nan,nan,nan,nan,500.0
877,264034,0.4418759346008301,-0.9730737209320068,500.0,500,nan,nan,nan,nan,500.0
878,264534,0.4402608871459961,-1.185865879058838,500.0,500,nan,nan,nan,nan,500.0
879,264944,0.36815643310546875,-6.574191093444824,410.0,410,nan,nan,nan,nan,500.0
880,265444,0.43825578689575195,-0.9777824878692627,500.0,500,nan,nan,nan,nan,500.0
881,265944,0.4618673324584961,-6.952861785888672,500.0,500,nan,nan,nan,nan,500.0
882,266444,0.44615721702575684,-8.458128929138184,500.0,500,nan,nan,nan,nan,500.0
883,266944,0.4396066665649414,-17.522035598754883,500.0,500,nan,nan,nan,nan,500.0
884,267444,0.45800280570983887,-5.819976806640625,500.0,500,nan,nan,nan,nan,500.0
885,267880,0.3846590518951416,1.2990540266036987,436.0,436,nan,nan,nan,nan,500.0
886,268342,0.4165332317352295,-4.0191521644592285,462.0,462,nan,nan,nan,nan,500.0
887,268842,0.4715421199798584,-11.415842056274414,500.0,500,nan,nan,nan,nan,500.0
888,269342,0.537189245223999,4.553238868713379,500.0,500,nan,nan,nan,nan,500.0
889,269842,0.46511173248291016,-8.885400772094727,500.0,500,nan,nan,nan,nan,500.0
890,270342,0.4468810558319092,7.9156341552734375,500.0,500,nan,nan,nan,nan,500.0
891,270642,0.26925158500671387,-0.9821395874023438,300.0,300,nan,nan,nan,nan,500.0
892,271142,0.44277191162109375,-1.1299026012420654,500.0,500,nan,nan,nan,nan,500.0
893,271642,0.454207181930542,-13.753957748413086,500.0,500,nan,nan,nan,nan,500.0
894,272026,0.3532898426055908,1.4402629137039185,384.0,384,nan,nan,nan,nan,500.0
895,272402,0.3310976028442383,3.6346917152404785,376.0,376,nan,nan,nan,nan,500.0
896,272902,0.44162416458129883,6.816921710968018,500.0,500,nan,nan,nan,nan,500.0
897,273402,0.4474482536315918,2.9776175022125244,500.0,500,nan,nan,nan,nan,500.0
898,273902,0.45395350456237793,-1.3633068799972534,500.0,500,nan,nan,nan,nan,500.0
899,274057,0.15369224548339844,-3.7548348903656006,155.0,155,nan,nan,nan,nan,500.0
900,274557,0.4567689895629883,-5.681961536407471,500.0,500,500.0,0.0,395.15,125.72600168620652,500.0
901,275057,0.4489424228668213,-2.2297143936157227,500.0,500,nan,nan,nan,nan,500.0
902,275557,0.43944239616394043,-0.5709061622619629,500.0,500,nan,nan,nan,nan,500.0
903,276057,0.4514145851135254,-8.263614654541016,500.0,500,nan,nan,nan,nan,500.0
904,276356,0.27057695388793945,-4.070957183837891,299.0,299,nan,nan,nan,nan,500.0
905,276718,0.3242676258087158,-2.2968575954437256,362.0,362,nan,nan,nan,nan,500.0
906,277181,0.40790295600891113,-2.6456055641174316,463.0,463,nan,nan,nan,nan,500.0
907,277511,0.30600714683532715,-4.691009998321533,330.0,330,nan,nan,nan,nan,500.0
908,278011,0.440809965133667,-0.5984025001525879,500.0,500,nan,nan,nan,nan,500.0
909,278511,0.44695377349853516,-2.4877238273620605,500.0,500,nan,nan,nan,nan,500.0
910,279011,0.45215582847595215,-4.517232894897461,500.0,500,nan,nan,nan,nan,500.0
911,279434,0.37350916862487793,-2.6009154319763184,423.0,423,nan,nan,nan,nan,500.0
912,279923,0.43236351013183594,-14.606358528137207,489.0,489,nan,nan,nan,nan,500.0
913,280423,0.4428834915161133,7.036971092224121,500.0,500,nan,nan,nan,nan,500.0
914,280923,0.4392268657684326,5.665899276733398,500.0,500,nan,nan,nan,nan,500.0
915,281415,0.5383727550506592,3.1478283405303955,492.0,492,nan,nan,nan,nan,500.0
916,281915,0.48093581199645996,7.268164157867432,500.0,500,nan,nan,nan,nan,500.0
917,282415,0.45481419563293457,-0.5310049057006836,500.0,500,nan,nan,nan,nan,500.0
918,282915,0.47264647483825684,3.01876163482666,500.0,500,nan,nan,nan,nan,500.0
919,283415,0.46088743209838867,14.424158096313477,500.0,500,nan,nan,nan,nan,500.0
920,283915,0.4566764831542969,-0.7798779010772705,500.0,500,nan,nan,nan,nan,500.0
921,284050,0.1314077377319336,-3.11863374710083,135.0,135,nan,nan,nan,nan,500.0
922,284550,0.6631700992584229,9.468653678894043,500.0,500,nan,nan,nan,nan,500.0
923,285050,0.5326540470123291,-4.627305030822754,500.0,500,nan,nan,nan,nan,500.0
924,285529,0.4738426208496094,-10.087421417236328,479.0,479,nan,nan,nan,nan,500.0
925,286029,0.5721261501312256,0.5746607780456543,500.0,500,362.0,126.58277923951583,390.65,136.46181700387842,500.0
926,286395,0.36896800994873047,-24.17596435546875,366.0,366,nan,nan,nan,nan,500.0
927,286560,0.16177868843078613,4.134822845458984,165.0,165,nan,nan,nan,nan,500.0
928,286779,0.1989891529083252,-2.6681604385375977,219.0,219,nan,nan,nan,nan,500.0
929,286910,0.12124133110046387,0.9567790031433105,131.0,131,nan,nan,nan,nan,500.0
930,287410,0.4513742923736572,0.8879313468933105,500.0,500,nan,nan,nan,nan,500.0
931,287556,0.13787126541137695,3.072983741760254,146.0,146,nan,nan,nan,nan,500.0
932,287955,0.43421053886413574,7.952091693878174,399.0,399,nan,nan,nan,nan,500.0
933,288137,0.1900346279144287,-0.31368017196655273,182.0,182,nan,nan,nan,nan,500.0
934,288372,0.24886083602905273,5.8621087074279785,235.0,235,nan,nan,nan,nan,500.0
935,288872,0.5831382274627686,-2.525831460952759,500.0,500,nan,nan,nan,nan,500.0
936,289131,0.2554202079772949,-7.956969261169434,259.0,259,nan,nan,nan,nan,500.0
937,289314,0.16490769386291504,-8.822358131408691,183.0,183,nan,nan,nan,nan,500.0
938,289472,0.13807129859924316,-5.4852800369262695,158.0,158,nan,nan,nan,nan,500.0
939,289972,0.42260074615478516,-17.351436614990234,500.0,500,nan,nan,nan,nan,500.0
940,290472,0.44739437103271484,-1.7349014282226562,500.0,500,nan,nan,nan,nan,500.0
941,290972,0.42540788650512695,7.768246650695801,500.0,500,nan,nan,nan,nan,500.0
942,291244,0.2761056423187256,-6.786897659301758,272.0,272,nan,nan,nan,nan,500.0
943,291453,0.19966673851013184,-9.117525100708008,209.0,209,nan,nan,nan,nan,500.0
944,291953,0.43562841415405273,5.383725643157959,500.0,500,nan,nan,nan,nan,500.0
945,292179,0.21237707138061523,11.94085693359375,226.0,226,nan,nan,nan,nan,500.0
946,292679,0.4416325092315674,4.347914695739746,500.0,500,nan,nan,nan,nan,500.0
947,293179,0.480527400970459,1.6462745666503906,500.0,500,nan,nan,nan,nan,500.0
948,293679,0.4365384578704834,4.010537147521973,500.0,500,nan,nan,nan,nan,500.0
949,294179,0.42329955101013184,-1.8938579559326172,500.0,500,nan,nan,nan,nan,500.0
950,294679,0.4197514057159424,-2.7019996643066406,500.0,500,500.0,0.0,441.85,90.32844236451771,500.0
951,295179,0.42937326431274414,1.7742657661437988,500.0,500,nan,nan,nan,nan,500.0
952,295679,0.4145636558532715,-7.265490531921387,500.0,500,nan,nan,nan,nan,500.0
953,296179,0.42778873443603516,-4.685225486755371,500.0,500,nan,nan,nan,nan,500.0
954,296593,0.33977508544921875,-6.111453056335449,414.0,414,nan,nan,nan,nan,500.0
955,297093,0.42035508155822754,-15.64643669128418,500.0,500,nan,nan,nan,nan,500.0
956,297593,0.4183194637298584,-1.4712975025177002,500.0,500,nan,nan,nan,nan,500.0
957,297986,0.3421156406402588,-0.5307388305664062,393.0,393,nan,nan,nan,nan,500.0
958,298486,0.41803669929504395,3.624134063720703,500.0,500,nan,nan,nan,nan,500.0
959,298937,0.3775749206542969,-4.0785369873046875,451.0,451,nan,nan,nan,nan,500.0
960,299437,0.5047287940979004,5.768568515777588,500.0,500,nan,nan,nan,nan,500.0
961,299836,0.35506272315979004,-2.5375564098358154,399.0,399,nan,nan,nan,nan,500.0
962,300336,0.42131781578063965,2.2580676078796387,500.0,500,nan,nan,nan,nan,500.0
963,300836,0.41564202308654785,0.9476230144500732,500.0,500,nan,nan,nan,nan,500.0
964,301336,0.419727087020874,-1.6751251220703125,500.0,500,nan,nan,nan,nan,500.0
965,301836,0.4213223457336426,3.466770648956299,500.0,500,nan,nan,nan,nan,500.0
966,302336,0.42009782791137695,16.914813995361328,500.0,500,nan,nan,nan,nan,500.0
967,302571,0.20580530166625977,0.39644718170166016,235.0,235,nan,nan,nan,nan,500.0
968,303071,0.4110748767852783,9.524761199951172,500.0,500,nan,nan,nan,nan,500.0
969,303571,0.4139223098754883,4.960168838500977,500.0,500,nan,nan,nan,nan,500.0
970,303899,0.27678370475769043,-6.705962181091309,328.0,328,nan,nan,nan,nan,500.0
971,304336,0.3863518238067627,4.6482391357421875,437.0,437,nan,nan,nan,nan,500.0
972,304836,0.4848151206970215,-6.209568977355957,500.0,500,nan,nan,nan,nan,500.0
973,304970,0.11757850646972656,4.38450813293457,134.0,134,nan,nan,nan,nan,500.0
974,305364,0.2961757183074951,-1.092576265335083,394.0,394,nan,nan,nan,nan,500.0
975,305864,0.37361598014831543,-3.9472546577453613,500.0,500,493.15,29.858457763253615,427.3,107.81470215142275,500.0
976,306364,0.41289186477661133,1.0077353715896606,500.0,500,nan,nan,nan,nan,500.0
977,306864,0.4191739559173584,2.6200084686279297,500.0,500,nan,nan,nan,nan,500.0
978,307323,0.35238170623779297,2.1470932960510254,459.0,459,nan,nan,nan,nan,500.0
979,307630,0.2295064926147461,-8.233861923217773,307.0,307,nan,nan,nan,nan,500.0
980,308130,0.3634500503540039,-5.143884658813477,500.0,500,nan,nan,nan,nan,500.0
981,308630,0.4249076843261719,5.3923516273498535,500.0,500,nan,nan,nan,nan,500.0
982,309130,0.3936431407928467,-9.596419334411621,500.0,500,nan,nan,nan,nan,500.0
983,309466,0.2572190761566162,-7.858591079711914,336.0,336,nan,nan,nan,nan,500.0
984,309966,0.38045549392700195,-0.04139137268066406,500.0,500,nan,nan,nan,nan,500.0
985,310466,0.4277675151824951,8.544291496276855,500.0,500,nan,nan,nan,nan,500.0
986,310966,0.43503522872924805,8.4871244430542,500.0,500,nan,nan,nan,nan,500.0
987,311466,0.42981457710266113,13.05592155456543,500.0,500,nan,nan,nan,nan,500.0
988,311966,0.4185640811920166,-9.630524635314941,500.0,500,nan,nan,nan,nan,500.0
989,312466,0.49353528022766113,0.2297600507736206,500.0,500,nan,nan,nan,nan,500.0
990,312966,0.4031484127044678,13.0833740234375,500.0,500,nan,nan,nan,nan,500.0
991,313466,0.3749511241912842,2.927417755126953,500.0,500,nan,nan,nan,nan,500.0
992,313966,0.3876187801361084,1.7010724544525146,500.0,500,nan,nan,nan,nan,500.0
993,314466,0.37967896461486816,-9.233797073364258,500.0,500,nan,nan,nan,nan,500.0
994,314966,0.39757513999938965,-15.95598316192627,500.0,500,nan,nan,nan,nan,500.0
995,315282,0.23738932609558105,-4.194079875946045,316.0,316,nan,nan,nan,nan,500.0
996,315782,0.36218929290771484,-14.917104721069336,500.0,500,nan,nan,nan,nan,500.0
997,316282,0.3716094493865967,-0.7400624752044678,500.0,500,nan,nan,nan,nan,500.0
998,316782,0.38243818283081055,11.374312400817871,500.0,500,nan,nan,nan,nan,500.0
999,317192,0.3064570426940918,6.558862686157227,410.0,410,nan,nan,nan,nan,500.0
